date;exits;year;month;day;weekday
2010-05-23;4265.0;2010;5;23;6
2010-05-24;15955.0;2010;5;24;0
2010-05-25;16563.0;2010;5;25;1
2010-05-26;16467.0;2010;5;26;2
2010-05-27;16188.0;2010;5;27;3
2010-05-28;15344.0;2010;5;28;4
2010-05-29;6939.5;2010;5;29;5
2010-05-30;6326.0;2010;5;30;6
2010-05-31;6105.0;2010;5;31;0
2010-06-01;13286.0;2010;6;1;1
2010-06-02;14244.0;2010;6;2;2
2010-06-03;11783.0;2010;6;3;3
2010-06-04;15203.0;2010;6;4;4
2010-06-05;6689.0;2010;6;5;5
2010-06-06;4324.0;2010;6;6;6
2010-06-07;16847.0;2010;6;7;0
2010-06-08;16188.0;2010;6;8;1
2010-06-09;16894.0;2010;6;9;2
2010-06-10;17900.0;2010;6;10;3
2010-06-11;17512.0;2010;6;11;4
2010-06-12;15752.5;2010;6;12;5
2010-06-13;14043.0;2010;6;13;6
2010-06-14;33780.0;2010;6;14;0
2010-06-15;43605.0;2010;6;15;1
2010-06-16;35898.0;2010;6;16;2
2010-06-17;36459.0;2010;6;17;3
2010-06-18;36271.0;2010;6;18;4
2010-06-19;12718.5;2010;6;19;5
2010-06-20;8048.0;2010;6;20;6
2010-06-21;20997.0;2010;6;21;0
2010-06-22;21324.0;2010;6;22;1
2010-06-23;21957.0;2010;6;23;2
2010-06-24;21557.0;2010;6;24;3
2010-06-25;20890.0;2010;6;25;4
2010-06-26;14589.0;2010;6;26;5
2010-06-27;10123.0;2010;6;27;6
2010-06-28;32409.0;2010;6;28;0
2010-06-29;33589.0;2010;6;29;1
2010-06-30;33869.0;2010;6;30;2
2010-07-01;33412.0;2010;7;1;3
2010-07-02;31621.0;2010;7;2;4
2010-07-03;11358.0;2010;7;3;5
2010-07-04;9663.0;2010;7;4;6
2010-07-05;10073.0;2010;7;5;0
2010-07-06;27712.0;2010;7;6;1
2010-07-07;26930.0;2010;7;7;2
2010-07-08;29440.0;2010;7;8;3
2010-07-09;29759.0;2010;7;9;4
2010-07-10;3379.5;2010;7;10;5
2010-07-11;2092.0;2010;7;11;6
2010-07-12;8411.0;2010;7;12;0
2010-07-13;8008.0;2010;7;13;1
2010-07-14;3863.0;2010;7;14;2
2010-07-15;9020.0;2010;7;15;3
2010-07-16;8424.0;2010;7;16;4
2010-07-17;9833.0;2010;7;17;5
2010-07-18;8589.0;2010;7;18;6
2010-07-19;32264.0;2010;7;19;0
2010-07-20;31425.0;2010;7;20;1
2010-07-21;34640.0;2010;7;21;2
2010-07-22;34680.0;2010;7;22;3
2010-07-23;33862.0;2010;7;23;4
2010-07-24;6293.5;2010;7;24;5
2010-07-25;3241.0;2010;7;25;6
2010-07-26;9885.0;2010;7;26;0
2010-07-27;10394.0;2010;7;27;1
2010-07-28;5562.0;2010;7;28;2
2010-07-29;10464.0;2010;7;29;3
2010-07-30;10826.0;2010;7;30;4
2010-07-31;8402.5;2010;7;31;5
2010-08-01;5857.0;2010;8;1;6
2010-08-02;20918.0;2010;8;2;0
2010-08-03;21741.0;2010;8;3;1
2010-08-04;22180.0;2010;8;4;2
2010-08-05;21878.0;2010;8;5;3
2010-08-06;22676.0;2010;8;6;4
2010-08-07;5769.5;2010;8;7;5
2010-08-08;3406.0;2010;8;8;6
2010-08-09;14539.0;2010;8;9;0
2010-08-10;13983.0;2010;8;10;1
2010-08-11;14663.0;2010;8;11;2
2010-08-12;14780.0;2010;8;12;3
2010-08-13;14938.0;2010;8;13;4
2010-08-14;3494.5;2010;8;14;5
2010-08-15;1850.0;2010;8;15;6
2010-08-16;7900.0;2010;8;16;0
2010-08-17;7721.0;2010;8;17;1
2010-08-18;8399.0;2010;8;18;2
2010-08-19;8176.0;2010;8;19;3
2010-08-20;8091.0;2010;8;20;4
2010-08-21;9093.0;2010;8;21;5
2010-08-22;6903.0;2010;8;22;6
2010-08-23;17513.0;2010;8;23;0
2010-08-24;18635.0;2010;8;24;1
2010-08-25;17850.0;2010;8;25;2
2010-08-26;18797.0;2010;8;26;3
2010-08-27;18838.0;2010;8;27;4
2010-08-28;5775.5;2010;8;28;5
2010-08-29;3667.0;2010;8;29;6
2010-08-30;11056.0;2010;8;30;0
2010-08-31;11296.0;2010;8;31;1
2010-09-01;10475.0;2010;9;1;2
2010-09-02;11582.0;2010;9;2;3
2010-09-03;10921.0;2010;9;3;4
2010-09-04;11588.0;2010;9;4;5
2010-09-05;10070.0;2010;9;5;6
2010-09-06;10848.0;2010;9;6;0
2010-09-07;31439.0;2010;9;7;1
2010-09-08;32826.0;2010;9;8;2
2010-09-09;30807.0;2010;9;9;3
2010-09-10;31586.0;2010;9;10;4
2010-09-11;19616.0;2010;9;11;5
2010-09-12;10093.0;2010;9;12;6
2010-09-13;25755.0;2010;9;13;0
2010-09-14;26890.0;2010;9;14;1
2010-09-15;25837.0;2010;9;15;2
2010-09-16;27449.0;2010;9;16;3
2010-09-17;24723.0;2010;9;17;4
2010-09-18;14789.0;2010;9;18;5
2010-09-19;11120.0;2010;9;19;6
2010-09-20;34820.0;2010;9;20;0
2010-09-21;27832.0;2010;9;21;1
2010-09-22;36001.0;2010;9;22;2
2010-09-23;35341.0;2010;9;23;3
2010-09-24;34817.0;2010;9;24;4
2010-09-25;17425.0;2010;9;25;5
2010-09-26;12521.0;2010;9;26;6
2010-09-27;32662.0;2010;9;27;0
2010-09-28;34701.0;2010;9;28;1
2010-09-29;35420.0;2010;9;29;2
2010-09-30;31931.0;2010;9;30;3
2010-10-01;32482.0;2010;10;1;4
2010-10-02;5570.5;2010;10;2;5
2010-10-03;3198.0;2010;10;3;6
2010-10-04;15190.0;2010;10;4;0
2010-10-05;16498.0;2010;10;5;1
2010-10-06;16249.0;2010;10;6;2
2010-10-07;16006.0;2010;10;7;3
2010-10-08;16087.0;2010;10;8;4
2010-10-09;4289.0;2010;10;9;5
2010-10-10;2148.0;2010;10;10;6
2010-10-11;10488.0;2010;10;11;0
2010-10-12;16946.0;2010;10;12;1
2010-10-13;19264.0;2010;10;13;2
2010-10-14;20576.0;2010;10;14;3
2010-10-15;17700.0;2010;10;15;4
2010-10-16;6238.0;2010;10;16;5
2010-10-17;1788.0;2010;10;17;6
2010-10-18;11691.0;2010;10;18;0
2010-10-19;14730.0;2010;10;19;1
2010-10-20;13912.0;2010;10;20;2
2010-10-21;14560.0;2010;10;21;3
2010-10-22;15475.0;2010;10;22;4
2010-10-23;6819.0;2010;10;23;5
2010-10-24;4758.0;2010;10;24;6
2010-10-25;13077.0;2010;10;25;0
2010-10-26;13751.0;2010;10;26;1
2010-10-27;12800.0;2010;10;27;2
2010-10-28;14115.0;2010;10;28;3
2010-10-29;13843.0;2010;10;29;4
2010-10-30;2375.5;2010;10;30;5
2010-10-31;1090.0;2010;10;31;6
2010-11-01;11134.0;2010;11;1;0
2010-11-02;10682.0;2010;11;2;1
2010-11-03;11786.0;2010;11;3;2
2010-11-04;7345.0;2010;11;4;3
2010-11-05;8629.0;2010;11;5;4
2010-11-06;3020.5;2010;11;6;5
2010-11-07;4036.0;2010;11;7;6
2010-11-08;9377.0;2010;11;8;0
2010-11-09;9708.0;2010;11;9;1
2010-11-10;11463.0;2010;11;10;2
2010-11-11;5503.0;2010;11;11;3
2010-11-12;9290.0;2010;11;12;4
2010-11-13;1852.0;2010;11;13;5
2010-11-14;839.0;2010;11;14;6
2010-11-15;4464.0;2010;11;15;0
2010-11-16;4829.0;2010;11;16;1
2010-11-17;3611.0;2010;11;17;2
2010-11-18;4198.0;2010;11;18;3
2010-11-19;4451.0;2010;11;19;4
2010-11-20;4820.5;2010;11;20;5
2010-11-21;4713.0;2010;11;21;6
2010-11-22;11156.0;2010;11;22;0
2010-11-23;11875.0;2010;11;23;1
2010-11-24;10845.0;2010;11;24;2
2010-11-25;2803.0;2010;11;25;3
2010-11-26;7323.0;2010;11;26;4
2010-11-27;2153.5;2010;11;27;5
2010-11-28;1362.0;2010;11;28;6
2010-11-29;4291.0;2010;11;29;0
2010-11-30;4608.0;2010;11;30;1
2010-12-01;4368.0;2010;12;1;2
2010-12-02;4468.0;2010;12;2;3
2010-12-03;4873.0;2010;12;3;4
2010-12-04;3906.0;2010;12;4;5
2010-12-05;2704.0;2010;12;5;6
2010-12-06;10297.0;2010;12;6;0
2010-12-07;7623.0;2010;12;7;1
2010-12-08;10399.0;2010;12;8;2
2010-12-09;6641.0;2010;12;9;3
2010-12-10;11028.0;2010;12;10;4
2010-12-11;1655.5;2010;12;11;5
2010-12-12;321.0;2010;12;12;6
2010-12-13;1442.0;2010;12;13;0
2010-12-14;1420.0;2010;12;14;1
2010-12-15;1500.0;2010;12;15;2
2010-12-16;772.0;2010;12;16;3
2010-12-17;1530.0;2010;12;17;4
2010-12-18;3545.0;2010;12;18;5
2010-12-19;3108.0;2010;12;19;6
2010-12-20;5389.0;2010;12;20;0
2010-12-21;3614.0;2010;12;21;1
2010-12-22;4743.0;2010;12;22;2
2010-12-23;4475.0;2010;12;23;3
2010-12-24;3392.0;2010;12;24;4
2010-12-25;975.5;2010;12;25;5
2010-12-26;1464.0;2010;12;26;6
2010-12-27;1562.0;2010;12;27;0
2010-12-28;4684.0;2010;12;28;1
2010-12-29;5380.0;2010;12;29;2
2010-12-30;6117.0;2010;12;30;3
2010-12-31;3618.0;2010;12;31;4
2011-01-01;2327.5;2011;1;1;5
2011-01-02;1959.0;2011;1;2;6
2011-01-03;2946.0;2011;1;3;0
2011-01-04;3182.0;2011;1;4;1
2011-01-05;3222.0;2011;1;5;2
2011-01-06;3013.0;2011;1;6;3
2011-01-07;3043.0;2011;1;7;4
2011-01-08;4371.0;2011;1;8;5
2011-01-09;3619.0;2011;1;9;6
2011-01-10;8730.0;2011;1;10;0
2011-01-11;4751.0;2011;1;11;1
2011-01-12;7198.0;2011;1;12;2
2011-01-13;9822.0;2011;1;13;3
2011-01-14;9019.0;2011;1;14;4
2011-01-15;4631.5;2011;1;15;5
2011-01-16;3188.0;2011;1;16;6
2011-01-17;4134.0;2011;1;17;0
2011-01-18;10119.0;2011;1;18;1
2011-01-19;5222.0;2011;1;19;2
2011-01-20;8629.0;2011;1;20;3
2011-01-21;10467.0;2011;1;21;4
2011-01-22;4846.0;2011;1;22;5
2011-01-23;3239.0;2011;1;23;6
2011-01-24;16183.0;2011;1;24;0
2011-01-25;16880.0;2011;1;25;1
2011-01-26;2301.0;2011;1;26;2
2011-01-27;11619.0;2011;1;27;3
2011-01-28;16771.0;2011;1;28;4
2011-01-29;5527.5;2011;1;29;5
2011-01-30;4194.0;2011;1;30;6
2011-01-31;9518.0;2011;1;31;0
2011-02-01;9209.0;2011;2;1;1
2011-02-02;8737.0;2011;2;2;2
2011-02-03;7948.0;2011;2;3;3
2011-02-04;9162.0;2011;2;4;4
2011-02-05;3963.0;2011;2;5;5
2011-02-06;2822.0;2011;2;6;6
2011-02-07;3963.0;2011;2;7;0
2011-02-08;3901.0;2011;2;8;1
2011-02-09;3773.0;2011;2;9;2
2011-02-10;3836.0;2011;2;10;3
2011-02-11;4160.0;2011;2;11;4
2011-02-12;11047.0;2011;2;12;5
2011-02-13;8523.0;2011;2;13;6
2011-02-14;19945.0;2011;2;14;0
2011-02-15;20468.0;2011;2;15;1
2011-02-16;21555.0;2011;2;16;2
2011-02-17;20596.0;2011;2;17;3
2011-02-18;20166.0;2011;2;18;4
2011-02-19;9679.5;2011;2;19;5
2011-02-20;6809.0;2011;2;20;6
2011-02-21;9661.0;2011;2;21;0
2011-02-22;27519.0;2011;2;22;1
2011-02-23;17812.0;2011;2;23;2
2011-02-24;26986.0;2011;2;24;3
2011-02-25;22932.0;2011;2;25;4
2011-02-26;2747.5;2011;2;26;5
2011-02-27;877.0;2011;2;27;6
2011-02-28;3729.0;2011;2;28;0
2011-03-01;3924.0;2011;3;1;1
2011-03-02;4125.0;2011;3;2;2
2011-03-03;3922.0;2011;3;3;3
2011-03-04;2750.0;2011;3;4;4
2011-03-05;314.0;2011;3;5;5
2011-03-06;21.0;2011;3;6;6
2011-03-07;4849.0;2011;3;7;0
2011-03-08;5492.0;2011;3;8;1
2011-03-09;5469.0;2011;3;9;2
2011-03-10;5292.0;2011;3;10;3
2011-03-11;5285.0;2011;3;11;4
2011-03-12;3523.5;2011;3;12;5
2011-03-13;2112.0;2011;3;13;6
2011-03-14;17443.0;2011;3;14;0
2011-03-15;18326.0;2011;3;15;1
2011-03-16;18001.0;2011;3;16;2
2011-03-17;18756.0;2011;3;17;3
2011-03-18;18635.0;2011;3;18;4
2011-03-19;9889.5;2011;3;19;5
2011-03-20;6416.0;2011;3;20;6
2011-03-21;22052.0;2011;3;21;0
2011-03-22;23638.0;2011;3;22;1
2011-03-23;19651.0;2011;3;23;2
2011-03-24;23429.0;2011;3;24;3
2011-03-25;23393.0;2011;3;25;4
2011-03-26;6922.0;2011;3;26;5
2011-03-27;4285.0;2011;3;27;6
2011-03-28;21177.0;2011;3;28;0
2011-03-29;21741.0;2011;3;29;1
2011-03-30;21953.0;2011;3;30;2
2011-03-31;21595.0;2011;3;31;3
2011-04-01;19562.0;2011;4;1;4
2011-04-02;9273.5;2011;4;2;5
2011-04-03;6772.0;2011;4;3;6
2011-04-04;29166.0;2011;4;4;0
2011-04-05;30797.0;2011;4;5;1
2011-04-06;31501.0;2011;4;6;2
2011-04-07;30643.0;2011;4;7;3
2011-04-08;30404.0;2011;4;8;4
2011-04-09;5416.0;2011;4;9;5
2011-04-10;2490.0;2011;4;10;6
2011-04-11;13404.0;2011;4;11;0
2011-04-12;13472.0;2011;4;12;1
2011-04-13;13905.0;2011;4;13;2
2011-04-14;13791.0;2011;4;14;3
2011-04-15;13633.0;2011;4;15;4
2011-04-16;9336.0;2011;4;16;5
2011-04-17;7847.0;2011;4;17;6
2011-04-18;17841.0;2011;4;18;0
2011-04-19;20037.0;2011;4;19;1
2011-04-20;21493.0;2011;4;20;2
2011-04-21;22033.0;2011;4;21;3
2011-04-22;17763.0;2011;4;22;4
2011-04-23;14606.0;2011;4;23;5
2011-04-24;11741.0;2011;4;24;6
2011-04-25;37876.0;2011;4;25;0
2011-04-26;41397.0;2011;4;26;1
2011-04-27;36103.0;2011;4;27;2
2011-04-28;40739.0;2011;4;28;3
2011-04-29;40565.0;2011;4;29;4
2011-04-30;3636.5;2011;4;30;5
2011-05-01;415.0;2011;5;1;6
2011-05-02;16823.0;2011;5;2;0
2011-05-03;17652.0;2011;5;3;1
2011-05-04;17732.0;2011;5;4;2
2011-05-05;17199.0;2011;5;5;3
2011-05-06;17229.0;2011;5;6;4
2011-05-07;14357.0;2011;5;7;5
2011-05-08;10566.0;2011;5;8;6
2011-05-09;29557.0;2011;5;9;0
2011-05-10;29246.0;2011;5;10;1
2011-05-11;30490.0;2011;5;11;2
2011-05-12;31468.0;2011;5;12;3
2011-05-13;30453.0;2011;5;13;4
2011-05-14;4215.0;2011;5;14;5
2011-05-15;1510.0;2011;5;15;6
2011-05-16;18522.0;2011;5;16;0
2011-05-17;19664.0;2011;5;17;1
2011-05-18;19568.0;2011;5;18;2
2011-05-19;19134.0;2011;5;19;3
2011-05-20;19660.0;2011;5;20;4
2011-05-21;13494.5;2011;5;21;5
2011-05-22;9187.0;2011;5;22;6
2011-05-23;34704.0;2011;5;23;0
2011-05-24;36647.0;2011;5;24;1
2011-05-25;37431.0;2011;5;25;2
2011-05-26;30024.0;2011;5;26;3
2011-05-27;34795.0;2011;5;27;4
2011-05-28;10137.0;2011;5;28;5
2011-05-29;7614.0;2011;5;29;6
2011-05-30;7257.0;2011;5;30;0
2011-05-31;23916.0;2011;5;31;1
2011-06-01;25830.0;2011;6;1;2
2011-06-02;25528.0;2011;6;2;3
2011-06-03;25971.0;2011;6;3;4
2011-06-04;13236.0;2011;6;4;5
2011-06-05;11113.0;2011;6;5;6
2011-06-06;30215.0;2011;6;6;0
2011-06-07;30857.0;2011;6;7;1
2011-06-08;30495.0;2011;6;8;2
2011-06-09;30248.0;2011;6;9;3
2011-06-10;31164.0;2011;6;10;4
2011-06-11;9318.0;2011;6;11;5
2011-06-12;5396.0;2011;6;12;6
2011-06-13;22415.0;2011;6;13;0
2011-06-14;23378.0;2011;6;14;1
2011-06-15;23891.0;2011;6;15;2
2011-06-16;23846.0;2011;6;16;3
2011-06-17;22924.0;2011;6;17;4
2011-06-18;3783.5;2011;6;18;5
2011-06-19;1870.0;2011;6;19;6
2011-06-20;8912.0;2011;6;20;0
2011-06-21;9318.0;2011;6;21;1
2011-06-22;9606.0;2011;6;22;2
2011-06-23;9129.0;2011;6;23;3
2011-06-24;9067.0;2011;6;24;4
2011-06-25;4099.5;2011;6;25;5
2011-06-26;2816.0;2011;6;26;6
2011-06-27;15832.0;2011;6;27;0
2011-06-28;16564.0;2011;6;28;1
2011-06-29;15667.0;2011;6;29;2
2011-06-30;17342.0;2011;6;30;3
2011-07-01;16138.0;2011;7;1;4
2011-07-02;6639.0;2011;7;2;5
2011-07-03;4541.0;2011;7;3;6
2011-07-04;5407.0;2011;7;4;0
2011-07-05;11774.0;2011;7;5;1
2011-07-06;11864.0;2011;7;6;2
2011-07-07;12865.0;2011;7;7;3
2011-07-08;11937.0;2011;7;8;4
2011-07-09;8153.0;2011;7;9;5
2011-07-10;6177.0;2011;7;10;6
2011-07-11;23124.0;2011;7;11;0
2011-07-12;23962.0;2011;7;12;1
2011-07-13;24611.0;2011;7;13;2
2011-07-14;25037.0;2011;7;14;3
2011-07-15;24533.0;2011;7;15;4
2011-07-16;13541.5;2011;7;16;5
2011-07-17;8418.0;2011;7;17;6
2011-07-18;33923.0;2011;7;18;0
2011-07-19;36227.0;2011;7;19;1
2011-07-20;35719.0;2011;7;20;2
2011-07-21;36063.0;2011;7;21;3
2011-07-22;32262.0;2011;7;22;4
2011-07-23;7226.5;2011;7;23;5
2011-07-24;5018.0;2011;7;24;6
2011-07-25;10255.0;2011;7;25;0
2011-07-26;10780.0;2011;7;26;1
2011-07-27;11349.0;2011;7;27;2
2011-07-28;10909.0;2011;7;28;3
2011-07-29;10798.0;2011;7;29;4
2011-07-30;794.0;2011;7;30;5
2011-07-31;91.0;2011;7;31;6
2011-08-01;8460.0;2011;8;1;0
2011-08-02;9668.0;2011;8;2;1
2011-08-03;9474.0;2011;8;3;2
2011-08-04;9705.0;2011;8;4;3
2011-08-05;10038.0;2011;8;5;4
2011-08-06;12440.5;2011;8;6;5
2011-08-07;9617.0;2011;8;7;6
2011-08-08;40410.0;2011;8;8;0
2011-08-09;40079.0;2011;8;9;1
2011-08-10;42768.0;2011;8;10;2
2011-08-11;44560.0;2011;8;11;3
2011-08-12;41201.0;2011;8;12;4
2011-08-13;7895.5;2011;8;13;5
2011-08-14;2858.0;2011;8;14;6
2011-08-15;18567.0;2011;8;15;0
2011-08-16;17982.0;2011;8;16;1
2011-08-17;19100.0;2011;8;17;2
2011-08-18;19132.0;2011;8;18;3
2011-08-19;19777.0;2011;8;19;4
2011-08-20;17287.0;2011;8;20;5
2011-08-21;11073.0;2011;8;21;6
2011-08-22;33255.0;2011;8;22;0
2011-08-23;33551.0;2011;8;23;1
2011-08-24;34306.0;2011;8;24;2
2011-08-25;33937.0;2011;8;25;3
2011-08-26;32304.0;2011;8;26;4
2011-08-27;2754.0;2011;8;27;5
2011-08-28;65.0;2011;8;28;6
2011-08-29;21470.0;2011;8;29;0
2011-08-30;32177.0;2011;8;30;1
2011-08-31;33026.0;2011;8;31;2
2011-09-01;34306.0;2011;9;1;3
2011-09-02;30760.0;2011;9;2;4
2011-09-03;11221.5;2011;9;3;5
2011-09-04;8704.0;2011;9;4;6
2011-09-05;8755.0;2011;9;5;0
2011-09-06;18710.0;2011;9;6;1
2011-09-07;19502.0;2011;9;7;2
2011-09-08;17604.0;2011;9;8;3
2011-09-09;20111.0;2011;9;9;4
2011-09-10;12885.0;2011;9;10;5
2011-09-11;9590.0;2011;9;11;6
2011-09-12;28707.0;2011;9;12;0
2011-09-13;29719.0;2011;9;13;1
2011-09-14;29879.0;2011;9;14;2
2011-09-15;29754.0;2011;9;15;3
2011-09-16;28651.0;2011;9;16;4
2011-09-17;19971.5;2011;9;17;5
2011-09-18;14541.0;2011;9;18;6
2011-09-19;43291.0;2011;9;19;0
2011-09-20;42520.0;2011;9;20;1
2011-09-21;43753.0;2011;9;21;2
2011-09-22;43066.0;2011;9;22;3
2011-09-23;38957.0;2011;9;23;4
2011-09-24;16099.0;2011;9;24;5
2011-09-25;11269.0;2011;9;25;6
2011-09-26;26478.0;2011;9;26;0
2011-09-27;26765.0;2011;9;27;1
2011-09-28;25949.0;2011;9;28;2
2011-09-29;23867.0;2011;9;29;3
2011-09-30;24009.0;2011;9;30;4
2011-10-01;11385.0;2011;10;1;5
2011-10-02;9276.0;2011;10;2;6
2011-10-03;30414.0;2011;10;3;0
2011-10-04;30008.0;2011;10;4;1
2011-10-05;34669.0;2011;10;5;2
2011-10-06;32590.0;2011;10;6;3
2011-10-07;31445.0;2011;10;7;4
2011-10-08;19005.0;2011;10;8;5
2011-10-09;15821.0;2011;10;9;6
2011-10-10;26343.0;2011;10;10;0
2011-10-11;34674.0;2011;10;11;1
2011-10-12;33944.0;2011;10;12;2
2011-10-13;34351.0;2011;10;13;3
2011-10-14;37145.0;2011;10;14;4
2011-10-15;2660.0;2011;10;15;5
2011-10-16;0.0;2011;10;16;6
2011-10-17;2351.0;2011;10;17;0
2011-10-18;2321.0;2011;10;18;1
2011-10-19;2050.0;2011;10;19;2
2011-10-20;2309.0;2011;10;20;3
2011-10-21;2464.0;2011;10;21;4
2011-10-22;6573.0;2011;10;22;5
2011-10-23;3930.0;2011;10;23;6
2011-10-24;19539.0;2011;10;24;0
2011-10-25;21612.0;2011;10;25;1
2011-10-26;22115.0;2011;10;26;2
2011-10-27;19942.0;2011;10;27;3
2011-10-28;19057.0;2011;10;28;4
2011-10-29;1455.0;2011;10;29;5
2011-10-30;31.0;2011;10;30;6
2011-10-31;8007.0;2011;10;31;0
2011-11-01;8156.0;2011;11;1;1
2011-11-02;8736.0;2011;11;2;2
2011-11-03;8811.0;2011;11;3;3
2011-11-04;9145.0;2011;11;4;4
2011-11-05;3561.0;2011;11;5;5
2011-11-06;3859.0;2011;11;6;6
2011-11-07;6111.0;2011;11;7;0
2011-11-08;5615.0;2011;11;8;1
2011-11-09;6116.0;2011;11;9;2
2011-11-10;6092.0;2011;11;10;3
2011-11-11;4897.0;2011;11;11;4
2011-11-12;1158.0;2011;11;12;5
2011-11-13;518.0;2011;11;13;6
2011-11-14;1323.0;2011;11;14;0
2011-11-15;1315.0;2011;11;15;1
2011-11-16;1590.0;2011;11;16;2
2011-11-17;1606.0;2011;11;17;3
2011-11-18;1560.0;2011;11;18;4
2011-11-19;2727.5;2011;11;19;5
2011-11-20;2316.0;2011;11;20;6
2011-11-21;6789.0;2011;11;21;0
2011-11-22;9543.0;2011;11;22;1
2011-11-23;7637.0;2011;11;23;2
2011-11-24;2222.0;2011;11;24;3
2011-11-25;7511.0;2011;11;25;4
2011-11-26;8541.5;2011;11;26;5
2011-11-27;6903.0;2011;11;27;6
2011-11-28;18947.0;2011;11;28;0
2011-11-29;17552.0;2011;11;29;1
2011-11-30;23038.0;2011;11;30;2
2011-12-01;21046.0;2011;12;1;3
2011-12-02;22826.0;2011;12;2;4
2011-12-03;5287.5;2011;12;3;5
2011-12-04;3849.0;2011;12;4;6
2011-12-05;10459.0;2011;12;5;0
2011-12-06;9944.0;2011;12;6;1
2011-12-07;10877.0;2011;12;7;2
2011-12-08;11474.0;2011;12;8;3
2011-12-09;10106.0;2011;12;9;4
2011-12-10;8266.5;2011;12;10;5
2011-12-11;5263.0;2011;12;11;6
2011-12-12;14853.0;2011;12;12;0
2011-12-13;15216.0;2011;12;13;1
2011-12-14;10405.0;2011;12;14;2
2011-12-15;17304.0;2011;12;15;3
2011-12-16;10626.0;2011;12;16;4
2011-12-17;11154.0;2011;12;17;5
2011-12-18;8047.0;2011;12;18;6
2011-12-19;21061.0;2011;12;19;0
2011-12-20;22209.0;2011;12;20;1
2011-12-21;19629.0;2011;12;21;2
2011-12-22;20733.0;2011;12;22;3
2011-12-23;18420.0;2011;12;23;4
2011-12-24;8300.0;2011;12;24;5
2011-12-25;4549.0;2011;12;25;6
2011-12-26;9825.0;2011;12;26;0
2011-12-27;20271.0;2011;12;27;1
2011-12-28;22245.0;2011;12;28;2
2011-12-29;22718.0;2011;12;29;3
2011-12-30;21800.0;2011;12;30;4
2011-12-31;8860.5;2011;12;31;5
2012-01-01;7112.0;2012;1;1;6
2012-01-02;7393.0;2012;1;2;0
2012-01-03;17307.0;2012;1;3;1
2012-01-04;20288.0;2012;1;4;2
2012-01-05;22804.0;2012;1;5;3
2012-01-06;17274.0;2012;1;6;4
2012-01-07;10843.5;2012;1;7;5
2012-01-08;7714.0;2012;1;8;6
2012-01-09;26071.0;2012;1;9;0
2012-01-10;26957.0;2012;1;10;1
2012-01-11;26939.0;2012;1;11;2
2012-01-12;27255.0;2012;1;12;3
2012-01-13;27536.0;2012;1;13;4
2012-01-14;3010.5;2012;1;14;5
2012-01-15;1063.0;2012;1;15;6
2012-01-16;1286.0;2012;1;16;0
2012-01-17;3167.0;2012;1;17;1
2012-01-18;3401.0;2012;1;18;2
2012-01-19;3272.0;2012;1;19;3
2012-01-20;3444.0;2012;1;20;4
2012-01-21;2245.5;2012;1;21;5
2012-01-22;1651.0;2012;1;22;6
2012-01-23;2584.0;2012;1;23;0
2012-01-24;2430.0;2012;1;24;1
2012-01-25;2495.0;2012;1;25;2
2012-01-26;2666.0;2012;1;26;3
2012-01-27;4163.0;2012;1;27;4
2012-01-28;4977.0;2012;1;28;5
2012-01-29;3860.0;2012;1;29;6
2012-01-30;10896.0;2012;1;30;0
2012-01-31;11952.0;2012;1;31;1
2012-02-01;12122.0;2012;2;1;2
2012-02-02;11722.0;2012;2;2;3
2012-02-03;12036.0;2012;2;3;4
2012-02-04;4727.0;2012;2;4;5
2012-02-05;3392.0;2012;2;5;6
2012-02-06;9812.0;2012;2;6;0
2012-02-07;5722.0;2012;2;7;1
2012-02-08;7372.0;2012;2;8;2
2012-02-09;7513.0;2012;2;9;3
2012-02-10;7342.0;2012;2;10;4
2012-02-11;1108.0;2012;2;11;5
2012-02-12;306.0;2012;2;12;6
2012-02-13;644.0;2012;2;13;0
2012-02-14;701.0;2012;2;14;1
2012-02-15;588.0;2012;2;15;2
2012-02-16;628.0;2012;2;16;3
2012-02-17;668.0;2012;2;17;4
2012-02-18;6493.0;2012;2;18;5
2012-02-19;6212.0;2012;2;19;6
2012-02-20;7492.0;2012;2;20;0
2012-02-21;17749.0;2012;2;21;1
2012-02-22;13994.0;2012;2;22;2
2012-02-23;15038.0;2012;2;23;3
2012-02-24;12977.0;2012;2;24;4
2012-02-25;5177.0;2012;2;25;5
2012-02-26;3492.0;2012;2;26;6
2012-02-27;9618.0;2012;2;27;0
2012-02-28;8212.0;2012;2;28;1
2012-02-29;10156.0;2012;2;29;2
2012-03-01;10265.0;2012;3;1;3
2012-03-02;9593.0;2012;3;2;4
2012-03-03;3418.5;2012;3;3;5
2012-03-04;2401.0;2012;3;4;6
2012-03-05;3907.0;2012;3;5;0
2012-03-06;3632.0;2012;3;6;1
2012-03-07;3753.0;2012;3;7;2
2012-03-08;3604.0;2012;3;8;3
2012-03-09;3709.0;2012;3;9;4
2012-03-10;6964.5;2012;3;10;5
2012-03-11;7148.0;2012;3;11;6
2012-03-12;28733.0;2012;3;12;0
2012-03-13;29191.0;2012;3;13;1
2012-03-14;30760.0;2012;3;14;2
2012-03-15;29295.0;2012;3;15;3
2012-03-16;28953.0;2012;3;16;4
2012-03-17;8457.5;2012;3;17;5
2012-03-18;8637.0;2012;3;18;6
2012-03-19;16100.0;2012;3;19;0
2012-03-20;15940.0;2012;3;20;1
2012-03-21;16299.0;2012;3;21;2
2012-03-22;17609.0;2012;3;22;3
2012-03-23;17897.0;2012;3;23;4
2012-03-24;5876.0;2012;3;24;5
2012-03-25;4970.0;2012;3;25;6
2012-03-26;16462.0;2012;3;26;0
2012-03-27;17642.0;2012;3;27;1
2012-03-28;18258.0;2012;3;28;2
2012-03-29;15584.0;2012;3;29;3
2012-03-30;17418.0;2012;3;30;4
2012-03-31;5396.0;2012;3;31;5
2012-04-01;4117.0;2012;4;1;6
2012-04-02;19540.0;2012;4;2;0
2012-04-03;12687.0;2012;4;3;1
2012-04-04;18338.0;2012;4;4;2
2012-04-05;16964.0;2012;4;5;3
2012-04-06;14543.0;2012;4;6;4
2012-04-07;6643.0;2012;4;7;5
2012-04-08;4677.0;2012;4;8;6
2012-04-09;18393.0;2012;4;9;0
2012-04-10;19175.0;2012;4;10;1
2012-04-11;18212.0;2012;4;11;2
2012-04-12;19271.0;2012;4;12;3
2012-04-13;19050.0;2012;4;13;4
2012-04-14;20906.0;2012;4;14;5
2012-04-15;16449.0;2012;4;15;6
2012-04-16;38334.0;2012;4;16;0
2012-04-17;39502.0;2012;4;17;1
2012-04-18;39703.0;2012;4;18;2
2012-04-19;40049.0;2012;4;19;3
2012-04-20;39843.0;2012;4;20;4
2012-04-21;6101.0;2012;4;21;5
2012-04-22;3249.0;2012;4;22;6
2012-04-23;8899.0;2012;4;23;0
2012-04-24;9094.0;2012;4;24;1
2012-04-25;9411.0;2012;4;25;2
2012-04-26;8792.0;2012;4;26;3
2012-04-27;9476.0;2012;4;27;4
2012-04-28;14346.5;2012;4;28;5
2012-04-29;10821.0;2012;4;29;6
2012-04-30;31752.0;2012;4;30;0
2012-05-01;33166.0;2012;5;1;1
2012-05-02;33248.0;2012;5;2;2
2012-05-03;33757.0;2012;5;3;3
2012-05-04;33628.0;2012;5;4;4
2012-05-05;23854.5;2012;5;5;5
2012-05-06;15499.0;2012;5;6;6
2012-05-07;49671.0;2012;5;7;0
2012-05-08;51016.0;2012;5;8;1
2012-05-09;49640.0;2012;5;9;2
2012-05-10;51455.0;2012;5;10;3
2012-05-11;50872.0;2012;5;11;4
2012-05-12;13406.0;2012;5;12;5
2012-05-13;6897.0;2012;5;13;6
2012-05-14;27106.0;2012;5;14;0
2012-05-15;28700.0;2012;5;15;1
2012-05-16;29687.0;2012;5;16;2
2012-05-17;30525.0;2012;5;17;3
2012-05-18;29852.0;2012;5;18;4
2012-05-19;15557.5;2012;5;19;5
2012-05-20;12981.0;2012;5;20;6
2012-05-21;39819.0;2012;5;21;0
2012-05-22;41428.0;2012;5;22;1
2012-05-23;44151.0;2012;5;23;2
2012-05-24;42887.0;2012;5;24;3
2012-05-25;41385.0;2012;5;25;4
2012-05-26;11087.5;2012;5;26;5
2012-05-27;7550.0;2012;5;27;6
2012-05-28;7581.0;2012;5;28;0
2012-05-29;14420.0;2012;5;29;1
2012-05-30;20634.0;2012;5;30;2
2012-05-31;21744.0;2012;5;31;3
2012-06-01;21469.0;2012;6;1;4
2012-06-02;25553.5;2012;6;2;5
2012-06-03;21395.0;2012;6;3;6
2012-06-04;52765.0;2012;6;4;0
2012-06-05;55140.0;2012;6;5;1
2012-06-06;54421.0;2012;6;6;2
2012-06-07;56106.0;2012;6;7;3
2012-06-08;53096.0;2012;6;8;4
2012-06-09;12148.0;2012;6;9;5
2012-06-10;7643.0;2012;6;10;6
2012-06-11;23964.0;2012;6;11;0
2012-06-12;23911.0;2012;6;12;1
2012-06-13;24170.0;2012;6;13;2
2012-06-14;23434.0;2012;6;14;3
2012-06-15;24556.0;2012;6;15;4
2012-06-16;16319.5;2012;6;16;5
2012-06-17;11404.0;2012;6;17;6
2012-06-18;37097.0;2012;6;18;0
2012-06-19;39055.0;2012;6;19;1
2012-06-20;39143.0;2012;6;20;2
2012-06-21;37886.0;2012;6;21;3
2012-06-22;36528.0;2012;6;22;4
2012-06-23;24978.0;2012;6;23;5
2012-06-24;20986.0;2012;6;24;6
2012-06-25;49693.0;2012;6;25;0
2012-06-26;53894.0;2012;6;26;1
2012-06-27;53771.0;2012;6;27;2
2012-06-28;54117.0;2012;6;28;3
2012-06-29;52455.0;2012;6;29;4
2012-06-30;15767.0;2012;6;30;5
2012-07-01;10555.0;2012;7;1;6
2012-07-02;30663.0;2012;7;2;0
2012-07-03;31169.0;2012;7;3;1
2012-07-04;12492.0;2012;7;4;2
2012-07-05;29186.0;2012;7;5;3
2012-07-06;29259.0;2012;7;6;4
2012-07-07;6748.0;2012;7;7;5
2012-07-08;4100.0;2012;7;8;6
2012-07-09;15409.0;2012;7;9;0
2012-07-10;16305.0;2012;7;10;1
2012-07-11;17109.0;2012;7;11;2
2012-07-12;16188.0;2012;7;12;3
2012-07-13;15683.0;2012;7;13;4
2012-07-14;24105.0;2012;7;14;5
2012-07-15;15866.0;2012;7;15;6
2012-07-16;42723.0;2012;7;16;0
2012-07-17;43124.0;2012;7;17;1
2012-07-18;42025.0;2012;7;18;2
2012-07-19;44454.0;2012;7;19;3
2012-07-20;40849.0;2012;7;20;4
2012-07-21;15362.5;2012;7;21;5
2012-07-22;11832.0;2012;7;22;6
2012-07-23;32192.0;2012;7;23;0
2012-07-24;34511.0;2012;7;24;1
2012-07-25;33568.0;2012;7;25;2
2012-07-26;33762.0;2012;7;26;3
2012-07-27;32415.0;2012;7;27;4
2012-07-28;7874.0;2012;7;28;5
2012-07-29;6151.0;2012;7;29;6
2012-07-30;19205.0;2012;7;30;0
2012-07-31;19777.0;2012;7;31;1
2012-08-01;19656.0;2012;8;1;2
2012-08-02;16910.0;2012;8;2;3
2012-08-03;17619.0;2012;8;3;4
2012-08-04;10182.0;2012;8;4;5
2012-08-05;7262.0;2012;8;5;6
2012-08-06;18491.0;2012;8;6;0
2012-08-07;19627.0;2012;8;7;1
2012-08-08;19769.0;2012;8;8;2
2012-08-09;19420.0;2012;8;9;3
2012-08-10;5334.0;2012;8;10;4
2012-08-11;6444.0;2012;8;11;5
2012-08-12;6400.0;2012;8;12;6
2012-08-13;16408.0;2012;8;13;0
2012-08-14;17201.0;2012;8;14;1
2012-08-15;17259.0;2012;8;15;2
2012-08-16;15741.0;2012;8;16;3
2012-08-17;16099.0;2012;8;17;4
2012-08-18;14308.0;2012;8;18;5
2012-08-19;12798.0;2012;8;19;6
2012-08-20;32063.0;2012;8;20;0
2012-08-21;33492.0;2012;8;21;1
2012-08-22;34181.0;2012;8;22;2
2012-08-23;34319.0;2012;8;23;3
2012-08-24;33194.0;2012;8;24;4
2012-08-25;20635.5;2012;8;25;5
2012-08-26;16515.0;2012;8;26;6
2012-08-27;36913.0;2012;8;27;0
2012-08-28;39289.0;2012;8;28;1
2012-08-29;39632.0;2012;8;29;2
2012-08-30;39706.0;2012;8;30;3
2012-08-31;36973.0;2012;8;31;4
2012-09-01;18667.5;2012;9;1;5
2012-09-02;19381.0;2012;9;2;6
2012-09-03;18330.0;2012;9;3;0
2012-09-04;52487.0;2012;9;4;1
2012-09-05;54547.0;2012;9;5;2
2012-09-06;56389.0;2012;9;6;3
2012-09-07;57053.0;2012;9;7;4
2012-09-08;17980.5;2012;9;8;5
2012-09-09;13791.0;2012;9;9;6
2012-09-10;46933.0;2012;9;10;0
2012-09-11;48227.0;2012;9;11;1
2012-09-12;49411.0;2012;9;12;2
2012-09-13;48426.0;2012;9;13;3
2012-09-14;48745.0;2012;9;14;4
2012-09-15;10561.5;2012;9;15;5
2012-09-16;6980.0;2012;9;16;6
2012-09-17;21043.0;2012;9;17;0
2012-09-18;18786.0;2012;9;18;1
2012-09-19;21989.0;2012;9;19;2
2012-09-20;21888.0;2012;9;20;3
2012-09-21;22451.0;2012;9;21;4
2012-09-22;17798.0;2012;9;22;5
2012-09-23;13381.0;2012;9;23;6
2012-09-24;43605.0;2012;9;24;0
2012-09-25;44907.0;2012;9;25;1
2012-09-26;40178.0;2012;9;26;2
2012-09-27;45752.0;2012;9;27;3
2012-09-28;44662.0;2012;9;28;4
2012-09-29;20588.5;2012;9;29;5
2012-09-30;15677.0;2012;9;30;6
2012-10-01;43258.0;2012;10;1;0
2012-10-02;43225.0;2012;10;2;1
2012-10-03;43987.0;2012;10;3;2
2012-10-04;44293.0;2012;10;4;3
2012-10-05;44353.0;2012;10;5;4
2012-10-06;17707.0;2012;10;6;5
2012-10-07;11981.0;2012;10;7;6
2012-10-08;22764.0;2012;10;8;0
2012-10-09;32463.0;2012;10;9;1
2012-10-10;34109.0;2012;10;10;2
2012-10-11;34980.0;2012;10;11;3
2012-10-12;34558.0;2012;10;12;4
2012-10-13;15161.0;2012;10;13;5
2012-10-14;3784.0;2012;10;14;6
2012-10-15;12941.0;2012;10;15;0
2012-10-16;14046.0;2012;10;16;1
2012-10-17;13759.0;2012;10;17;2
2012-10-18;13516.0;2012;10;18;3
2012-10-19;12074.0;2012;10;19;4
2012-10-20;15030.0;2012;10;20;5
2012-10-21;12156.0;2012;10;21;6
2012-10-22;39175.0;2012;10;22;0
2012-10-23;40108.0;2012;10;23;1
2012-10-24;39608.0;2012;10;24;2
2012-10-25;39599.0;2012;10;25;3
2012-10-26;38954.0;2012;10;26;4
2012-10-27;7098.0;2012;10;27;5
2012-10-28;2886.0;2012;10;28;6
2012-10-29;5.0;2012;10;29;0
2012-10-30;10.0;2012;10;30;1
2012-10-31;21.0;2012;10;31;2
2012-11-01;21.0;2012;11;1;3
2012-11-02;23.0;2012;11;2;4
2012-11-03;13.0;2012;11;3;5
2012-11-04;14.0;2012;11;4;6
2012-11-05;8.0;2012;11;5;0
2012-11-06;8.0;2012;11;6;1
2012-11-07;1360.0;2012;11;7;2
2012-11-08;3275.0;2012;11;8;3
2012-11-09;4221.0;2012;11;9;4
2012-11-10;11295.5;2012;11;10;5
2012-11-11;9112.0;2012;11;11;6
2012-11-12;20909.0;2012;11;12;0
2012-11-13;28428.0;2012;11;13;1
2012-11-14;29065.0;2012;11;14;2
2012-11-15;28733.0;2012;11;15;3
2012-11-16;28077.0;2012;11;16;4
2012-11-17;13031.0;2012;11;17;5
2012-11-18;8883.0;2012;11;18;6
2012-11-19;31223.0;2012;11;19;0
2012-11-20;31897.0;2012;11;20;1
2012-11-21;28517.0;2012;11;21;2
2012-11-22;6212.0;2012;11;22;3
2012-11-23;17850.0;2012;11;23;4
2012-11-24;4399.5;2012;11;24;5
2012-11-25;1963.0;2012;11;25;6
2012-11-26;6038.0;2012;11;26;0
2012-11-27;5878.0;2012;11;27;1
2012-11-28;6596.0;2012;11;28;2
2012-11-29;6456.0;2012;11;29;3
2012-11-30;7216.0;2012;11;30;4
2012-12-01;7734.5;2012;12;1;5
2012-12-02;5461.0;2012;12;2;6
2012-12-03;17173.0;2012;12;3;0
2012-12-04;17443.0;2012;12;4;1
2012-12-05;17534.0;2012;12;5;2
2012-12-06;16899.0;2012;12;6;3
2012-12-07;17253.0;2012;12;7;4
2012-12-08;14902.0;2012;12;8;5
2012-12-09;10959.0;2012;12;9;6
2012-12-10;31275.0;2012;12;10;0
2012-12-11;32718.0;2012;12;11;1
2012-12-12;32758.0;2012;12;12;2
2012-12-13;33791.0;2012;12;13;3
2012-12-14;32815.0;2012;12;14;4
2012-12-15;13270.0;2012;12;15;5
2012-12-16;8598.0;2012;12;16;6
2012-12-17;20049.0;2012;12;17;0
2012-12-18;20152.0;2012;12;18;1
2012-12-19;19937.0;2012;12;19;2
2012-12-20;20175.0;2012;12;20;3
2012-12-21;18474.0;2012;12;21;4
2012-12-22;9912.0;2012;12;22;5
2012-12-23;7729.0;2012;12;23;6
2012-12-24;5459.0;2012;12;24;0
2012-12-25;4289.0;2012;12;25;1
2012-12-26;15635.0;2012;12;26;2
2012-12-27;18295.0;2012;12;27;3
2012-12-28;19910.0;2012;12;28;4
2012-12-29;12592.5;2012;12;29;5
2012-12-30;11119.0;2012;12;30;6
2012-12-31;25164.0;2012;12;31;0
2013-01-01;10848.0;2013;1;1;1
2013-01-02;34269.0;2013;1;2;2
2013-01-03;35891.0;2013;1;3;3
2013-01-04;35357.0;2013;1;4;4
2013-01-05;13191.0;2013;1;5;5
2013-01-06;8968.0;2013;1;6;6
2013-01-07;28976.0;2013;1;7;0
2013-01-08;30527.0;2013;1;8;1
2013-01-09;30059.0;2013;1;9;2
2013-01-10;30038.0;2013;1;10;3
2013-01-11;29824.0;2013;1;11;4
2013-01-12;9341.5;2013;1;12;5
2013-01-13;5827.0;2013;1;13;6
2013-01-14;22841.0;2013;1;14;0
2013-01-15;23608.0;2013;1;15;1
2013-01-16;23471.0;2013;1;16;2
2013-01-17;24325.0;2013;1;17;3
2013-01-18;23851.0;2013;1;18;4
2013-01-19;9378.0;2013;1;19;5
2013-01-20;6535.0;2013;1;20;6
2013-01-21;11387.0;2013;1;21;0
2013-01-22;27662.0;2013;1;22;1
2013-01-23;27814.0;2013;1;23;2
2013-01-24;28012.0;2013;1;24;3
2013-01-25;26959.0;2013;1;25;4
2013-01-26;9788.0;2013;1;26;5
2013-01-27;7045.0;2013;1;27;6
2013-01-28;26622.0;2013;1;28;0
2013-01-29;29126.0;2013;1;29;1
2013-01-30;29788.0;2013;1;30;2
2013-01-31;29618.0;2013;1;31;3
2013-02-01;30543.0;2013;2;1;4
2013-02-02;11185.0;2013;2;2;5
2013-02-03;6678.0;2013;2;3;6
2013-02-04;27286.0;2013;2;4;0
2013-02-05;29595.0;2013;2;5;1
2013-02-06;30807.0;2013;2;6;2
2013-02-07;30778.0;2013;2;7;3
2013-02-08;24286.0;2013;2;8;4
2013-02-09;7199.0;2013;2;9;5
2013-02-10;6958.0;2013;2;10;6
2013-02-11;21156.0;2013;2;11;0
2013-02-12;23978.0;2013;2;12;1
2013-02-13;24084.0;2013;2;13;2
2013-02-14;23898.0;2013;2;14;3
2013-02-15;23001.0;2013;2;15;4
2013-02-16;7267.0;2013;2;16;5
2013-02-17;4802.0;2013;2;17;6
2013-02-18;7996.0;2013;2;18;0
2013-02-19;21897.0;2013;2;19;1
2013-02-20;22869.0;2013;2;20;2
2013-02-21;22534.0;2013;2;21;3
2013-02-22;21220.0;2013;2;22;4
2013-02-23;6092.0;2013;2;23;5
2013-02-24;5403.0;2013;2;24;6
2013-02-25;17847.0;2013;2;25;0
2013-02-26;18370.0;2013;2;26;1
2013-02-27;16671.0;2013;2;27;2
2013-02-28;19543.0;2013;2;28;3
2013-03-01;19269.0;2013;3;1;4
2013-03-02;8849.0;2013;3;2;5
2013-03-03;5658.0;2013;3;3;6
2013-03-04;20766.0;2013;3;4;0
2013-03-05;21489.0;2013;3;5;1
2013-03-06;21127.0;2013;3;6;2
2013-03-07;20773.0;2013;3;7;3
2013-03-08;18935.0;2013;3;8;4
2013-03-09;9540.5;2013;3;9;5
2013-03-10;7118.0;2013;3;10;6
2013-03-11;35003.5;2013;3;11;0
2013-03-12;33674.0;2013;3;12;1
2013-03-13;32492.0;2013;3;13;2
2013-03-14;34932.0;2013;3;14;3
2013-03-15;33613.0;2013;3;15;4
2013-03-16;16276.5;2013;3;16;5
2013-03-17;14216.0;2013;3;17;6
2013-03-18;44701.0;2013;3;18;0
2013-03-19;44549.0;2013;3;19;1
2013-03-20;46515.0;2013;3;20;2
2013-03-21;47096.0;2013;3;21;3
2013-03-22;45641.0;2013;3;22;4
2013-03-23;17421.5;2013;3;23;5
2013-03-24;12234.0;2013;3;24;6
2013-03-25;39945.0;2013;3;25;0
2013-03-26;41899.0;2013;3;26;1
2013-03-27;42987.0;2013;3;27;2
2013-03-28;43233.0;2013;3;28;3
2013-03-29;33233.0;2013;3;29;4
2013-03-30;18045.0;2013;3;30;5
2013-03-31;11250.0;2013;3;31;6
2013-04-01;43622.0;2013;4;1;0
2013-04-02;45361.0;2013;4;2;1
2013-04-03;47995.0;2013;4;3;2
2013-04-04;48494.0;2013;4;4;3
2013-04-05;46910.0;2013;4;5;4
2013-04-06;17868.0;2013;4;6;5
2013-04-07;12297.0;2013;4;7;6
2013-04-08;42745.0;2013;4;8;0
2013-04-09;44164.0;2013;4;9;1
2013-04-10;44135.0;2013;4;10;2
2013-04-11;43732.0;2013;4;11;3
2013-04-12;41881.0;2013;4;12;4
2013-04-13;16630.5;2013;4;13;5
2013-04-14;12060.0;2013;4;14;6
2013-04-15;37284.0;2013;4;15;0
2013-04-16;38177.0;2013;4;16;1
2013-04-17;38894.0;2013;4;17;2
2013-04-18;38656.0;2013;4;18;3
2013-04-19;37825.0;2013;4;19;4
2013-04-20;17502.0;2013;4;20;5
2013-04-21;12595.0;2013;4;21;6
2013-04-22;40874.0;2013;4;22;0
2013-04-23;41512.0;2013;4;23;1
2013-04-24;41960.0;2013;4;24;2
2013-04-25;42710.0;2013;4;25;3
2013-04-26;41774.0;2013;4;26;4
2013-04-27;16764.0;2013;4;27;5
2013-04-28;12840.0;2013;4;28;6
2013-04-29;40285.0;2013;4;29;0
2013-04-30;41725.0;2013;4;30;1
2013-05-01;43916.0;2013;5;1;2
2013-05-02;42301.0;2013;5;2;3
2013-05-03;40486.0;2013;5;3;4
2013-05-04;14836.0;2013;5;4;5
2013-05-05;10130.0;2013;5;5;6
2013-05-06;36126.0;2013;5;6;0
2013-05-07;38074.0;2013;5;7;1
2013-05-08;37150.0;2013;5;8;2
2013-05-09;37784.0;2013;5;9;3
2013-05-10;38280.0;2013;5;10;4
2013-05-11;13476.0;2013;5;11;5
2013-05-12;8874.0;2013;5;12;6
2013-05-13;24324.0;2013;5;13;0
2013-05-14;28295.0;2013;5;14;1
2013-05-15;28105.0;2013;5;15;2
2013-05-16;28935.0;2013;5;16;3
2013-05-17;29297.0;2013;5;17;4
2013-05-18;16096.0;2013;5;18;5
2013-05-19;11575.0;2013;5;19;6
2013-05-20;38348.0;2013;5;20;0
2013-05-21;40287.0;2013;5;21;1
2013-05-22;40660.0;2013;5;22;2
2013-05-23;39424.0;2013;5;23;3
2013-05-24;35992.0;2013;5;24;4
2013-05-25;15368.5;2013;5;25;5
2013-05-26;15511.0;2013;5;26;6
2013-05-27;14855.0;2013;5;27;0
2013-05-28;43281.0;2013;5;28;1
2013-05-29;45674.0;2013;5;29;2
2013-05-30;47202.0;2013;5;30;3
2013-05-31;44820.0;2013;5;31;4
2013-06-01;20242.0;2013;6;1;5
2013-06-02;13638.0;2013;6;2;6
2013-06-03;46715.0;2013;6;3;0
2013-06-04;49574.0;2013;6;4;1
2013-06-05;50506.0;2013;6;5;2
2013-06-06;50676.0;2013;6;6;3
2013-06-07;45208.0;2013;6;7;4
2013-06-08;13671.5;2013;6;8;5
2013-06-09;10121.0;2013;6;9;6
2013-06-10;29083.0;2013;6;10;0
2013-06-11;30657.0;2013;6;11;1
2013-06-12;31668.0;2013;6;12;2
2013-06-13;29835.0;2013;6;13;3
2013-06-14;29701.0;2013;6;14;4
2013-06-15;19768.0;2013;6;15;5
2013-06-16;14619.0;2013;6;16;6
2013-06-17;43488.0;2013;6;17;0
2013-06-18;45049.0;2013;6;18;1
2013-06-19;45313.0;2013;6;19;2
2013-06-20;46294.0;2013;6;20;3
2013-06-21;43512.0;2013;6;21;4
2013-06-22;23137.5;2013;6;22;5
2013-06-23;17651.0;2013;6;23;6
2013-06-24;49689.0;2013;6;24;0
2013-06-25;50889.0;2013;6;25;1
2013-06-26;52215.0;2013;6;26;2
2013-06-27;51633.0;2013;6;27;3
2013-06-28;50315.0;2013;6;28;4
2013-06-29;6830.0;2013;6;29;5
2013-06-30;1749.0;2013;6;30;6
2013-07-01;6814.0;2013;7;1;0
2013-07-02;7201.0;2013;7;2;1
2013-07-03;7270.0;2013;7;3;2
2013-07-04;2659.0;2013;7;4;3
2013-07-05;5689.0;2013;7;5;4
2013-07-06;8189.5;2013;7;6;5
2013-07-07;7622.0;2013;7;7;6
2013-07-08;23666.0;2013;7;8;0
2013-07-09;24838.0;2013;7;9;1
2013-07-10;25480.0;2013;7;10;2
2013-07-11;13666.0;2013;7;11;3
2013-07-12;24788.0;2013;7;12;4
2013-07-13;11941.5;2013;7;13;5
2013-07-14;9731.0;2013;7;14;6
2013-07-15;41029.5;2013;7;15;0
2013-07-16;41241.0;2013;7;16;1
2013-07-17;41333.0;2013;7;17;2
2013-07-18;40899.0;2013;7;18;3
2013-07-19;38342.0;2013;7;19;4
2013-07-20;18069.5;2013;7;20;5
2013-07-21;14593.0;2013;7;21;6
2013-07-22;48549.0;2013;7;22;0
2013-07-23;50697.0;2013;7;23;1
2013-07-24;52808.0;2013;7;24;2
2013-07-25;51790.0;2013;7;25;3
2013-07-26;49234.0;2013;7;26;4
2013-07-27;19958.5;2013;7;27;5
2013-07-28;13800.0;2013;7;28;6
2013-07-29;45741.0;2013;7;29;0
2013-07-30;47897.0;2013;7;30;1
2013-07-31;48238.0;2013;7;31;2
2013-08-01;46208.0;2013;8;1;3
2013-08-02;45704.0;2013;8;2;4
2013-08-03;17764.0;2013;8;3;5
2013-08-04;13634.0;2013;8;4;6
2013-08-05;40268.0;2013;8;5;0
2013-08-06;42085.0;2013;8;6;1
2013-08-07;41686.0;2013;8;7;2
2013-08-08;41672.0;2013;8;8;3
2013-08-09;38683.0;2013;8;9;4
2013-08-10;16309.5;2013;8;10;5
2013-08-11;12068.0;2013;8;11;6
2013-08-12;30016.0;2013;8;12;0
2013-08-13;30218.0;2013;8;13;1
2013-08-14;32267.0;2013;8;14;2
2013-08-15;31546.0;2013;8;15;3
2013-08-16;29906.0;2013;8;16;4
2013-08-17;22801.0;2013;8;17;5
2013-08-18;15936.0;2013;8;18;6
2013-08-19;42242.0;2013;8;19;0
2013-08-20;45005.0;2013;8;20;1
2013-08-21;45492.0;2013;8;21;2
2013-08-22;44363.0;2013;8;22;3
2013-08-23;42231.0;2013;8;23;4
2013-08-24;20081.0;2013;8;24;5
2013-08-25;14729.0;2013;8;25;6
2013-08-26;33990.0;2013;8;26;0
2013-08-27;35110.0;2013;8;27;1
2013-08-28;35273.0;2013;8;28;2
2013-08-29;31626.0;2013;8;29;3
2013-08-30;32278.0;2013;8;30;4
2013-08-31;15284.0;2013;8;31;5
2013-09-01;12194.0;2013;9;1;6
2013-09-02;11552.0;2013;9;2;0
2013-09-03;35850.0;2013;9;3;1
2013-09-04;37423.0;2013;9;4;2
2013-09-05;35796.0;2013;9;5;3
2013-09-06;35851.0;2013;9;6;4
2013-09-07;22461.5;2013;9;7;5
2013-09-08;16249.0;2013;9;8;6
2013-09-09;48960.0;2013;9;9;0
2013-09-10;50540.0;2013;9;10;1
2013-09-11;54924.0;2013;9;11;2
2013-09-12;51351.0;2013;9;12;3
2013-09-13;49453.0;2013;9;13;4
2013-09-14;17454.0;2013;9;14;5
2013-09-15;11997.0;2013;9;15;6
2013-09-16;35397.0;2013;9;16;0
2013-09-17;37545.0;2013;9;17;1
2013-09-18;38102.0;2013;9;18;2
2013-09-19;37754.0;2013;9;19;3
2013-09-20;38052.0;2013;9;20;4
2013-09-21;19761.5;2013;9;21;5
2013-09-22;13333.0;2013;9;22;6
2013-09-23;45223.0;2013;9;23;0
2013-09-24;45273.0;2013;9;24;1
2013-09-25;45407.0;2013;9;25;2
2013-09-26;44996.0;2013;9;26;3
2013-09-27;44071.0;2013;9;27;4
2013-09-28;22193.5;2013;9;28;5
2013-09-29;16111.0;2013;9;29;6
2013-09-30;46492.0;2013;9;30;0
2013-10-01;48034.0;2013;10;1;1
2013-10-02;49131.0;2013;10;2;2
2013-10-03;49266.0;2013;10;3;3
2013-10-04;48429.0;2013;10;4;4
2013-10-05;17841.5;2013;10;5;5
2013-10-06;13376.0;2013;10;6;6
2013-10-07;37688.0;2013;10;7;0
2013-10-08;39018.0;2013;10;8;1
2013-10-09;39663.0;2013;10;9;2
2013-10-10;39127.0;2013;10;10;3
2013-10-11;38113.0;2013;10;11;4
2013-10-12;20749.5;2013;10;12;5
2013-10-13;15375.0;2013;10;13;6
2013-10-14;34785.0;2013;10;14;0
2013-10-15;53056.0;2013;10;15;1
2013-10-16;53641.0;2013;10;16;2
2013-10-17;54168.0;2013;10;17;3
2013-10-18;52445.0;2013;10;18;4
2013-10-19;21585.5;2013;10;19;5
2013-10-20;14764.0;2013;10;20;6
2013-10-21;51214.0;2013;10;21;0
2013-10-22;52146.0;2013;10;22;1
2013-10-23;51945.0;2013;10;23;2
2013-10-24;53205.0;2013;10;24;3
2013-10-25;50690.0;2013;10;25;4
2013-10-26;23850.5;2013;10;26;5
2013-10-27;17629.0;2013;10;27;6
2013-10-28;53324.0;2013;10;28;0
2013-10-29;54033.0;2013;10;29;1
2013-10-30;54759.0;2013;10;30;2
2013-10-31;54134.0;2013;10;31;3
2013-11-01;53275.0;2013;11;1;4
2013-11-02;20230.5;2013;11;2;5
2013-11-03;15765.0;2013;11;3;6
2013-11-04;38360.0;2013;11;4;0
2013-11-05;36311.0;2013;11;5;1
2013-11-06;40140.0;2013;11;6;2
2013-11-07;39120.0;2013;11;7;3
2013-11-08;39488.0;2013;11;8;4
2013-11-09;16555.5;2013;11;9;5
2013-11-10;10292.0;2013;11;10;6
2013-11-11;20457.0;2013;11;11;0
2013-11-12;25967.0;2013;11;12;1
2013-11-13;26480.0;2013;11;13;2
2013-11-14;26553.0;2013;11;14;3
2013-11-15;27548.0;2013;11;15;4
2013-11-16;12139.5;2013;11;16;5
2013-11-17;6618.0;2013;11;17;6
2013-11-18;23387.0;2013;11;18;0
2013-11-19;24733.0;2013;11;19;1
2013-11-20;24868.0;2013;11;20;2
2013-11-21;25174.0;2013;11;21;3
2013-11-22;22370.0;2013;11;22;4
2013-11-23;10072.0;2013;11;23;5
2013-11-24;6285.0;2013;11;24;6
2013-11-25;24537.0;2013;11;25;0
2013-11-26;25514.0;2013;11;26;1
2013-11-27;20279.0;2013;11;27;2
2013-11-28;4570.0;2013;11;28;3
2013-11-29;12377.0;2013;11;29;4
2013-11-30;11032.5;2013;11;30;5
2013-12-01;8248.0;2013;12;1;6
2013-12-02;25960.0;2013;12;2;0
2013-12-03;27386.0;2013;12;3;1
2013-12-04;27417.0;2013;12;4;2
2013-12-05;27728.0;2013;12;5;3
2013-12-06;27100.0;2013;12;6;4
2013-12-07;13211.0;2013;12;7;5
2013-12-08;8779.0;2013;12;8;6
2013-12-09;21888.0;2013;12;9;0
2013-12-10;23289.0;2013;12;10;1
2013-12-11;23804.0;2013;12;11;2
2013-12-12;24198.0;2013;12;12;3
2013-12-13;24136.0;2013;12;13;4
2013-12-14;14856.0;2013;12;14;5
2013-12-15;10145.0;2013;12;15;6
2013-12-16;27097.0;2013;12;16;0
2013-12-17;26973.0;2013;12;17;1
2013-12-18;28080.0;2013;12;18;2
2013-12-19;28257.0;2013;12;19;3
2013-12-20;25696.0;2013;12;20;4
2013-12-21;18418.0;2013;12;21;5
2013-12-22;13986.0;2013;12;22;6
2013-12-23;32100.0;2013;12;23;0
2013-12-24;25573.0;2013;12;24;1
2013-12-25;7122.0;2013;12;25;2
2013-12-26;25472.0;2013;12;26;3
2013-12-27;29503.0;2013;12;27;4
2013-12-28;18425.0;2013;12;28;5
2013-12-29;11767.0;2013;12;29;6
2013-12-30;30647.0;2013;12;30;0
2013-12-31;1492.0;2013;12;31;1
