year;month;day;weekday;exits;in_sample;Date
2010;5;23;6;4265.0;True;2010-05-23 00:00:00
2010;5;24;0;15955.0;True;2010-05-24 00:00:00
2010;5;25;1;16563.0;True;2010-05-25 00:00:00
2010;5;26;2;16467.0;True;2010-05-26 00:00:00
2010;5;27;3;16188.0;True;2010-05-27 00:00:00
2010;5;28;4;15344.0;True;2010-05-28 00:00:00
2010;5;29;5;6939.5;True;2010-05-29 00:00:00
2010;5;30;6;6326.0;True;2010-05-30 00:00:00
2010;5;31;0;6105.0;True;2010-05-31 00:00:00
2010;6;1;1;13286.0;True;2010-06-01 00:00:00
2010;6;2;2;14244.0;True;2010-06-02 00:00:00
2010;6;3;3;11783.0;True;2010-06-03 00:00:00
2010;6;4;4;15203.0;True;2010-06-04 00:00:00
2010;6;5;5;6689.0;True;2010-06-05 00:00:00
2010;6;6;6;4324.0;True;2010-06-06 00:00:00
2010;6;7;0;16847.0;True;2010-06-07 00:00:00
2010;6;8;1;16188.0;True;2010-06-08 00:00:00
2010;6;9;2;16894.0;True;2010-06-09 00:00:00
2010;6;10;3;17900.0;True;2010-06-10 00:00:00
2010;6;11;4;17512.0;True;2010-06-11 00:00:00
2010;6;12;5;15752.5;True;2010-06-12 00:00:00
2010;6;13;6;14043.0;True;2010-06-13 00:00:00
2010;6;14;0;33780.0;True;2010-06-14 00:00:00
2010;6;15;1;43605.0;True;2010-06-15 00:00:00
2010;6;16;2;35898.0;True;2010-06-16 00:00:00
2010;6;17;3;36459.0;True;2010-06-17 00:00:00
2010;6;18;4;36271.0;True;2010-06-18 00:00:00
2010;6;19;5;12718.5;True;2010-06-19 00:00:00
2010;6;20;6;8048.0;True;2010-06-20 00:00:00
2010;6;21;0;20997.0;True;2010-06-21 00:00:00
2010;6;22;1;21324.0;True;2010-06-22 00:00:00
2010;6;23;2;21957.0;True;2010-06-23 00:00:00
2010;6;24;3;21557.0;True;2010-06-24 00:00:00
2010;6;25;4;20890.0;True;2010-06-25 00:00:00
2010;6;26;5;14589.0;True;2010-06-26 00:00:00
2010;6;27;6;10123.0;True;2010-06-27 00:00:00
2010;6;28;0;32409.0;True;2010-06-28 00:00:00
2010;6;29;1;33589.0;True;2010-06-29 00:00:00
2010;6;30;2;33869.0;True;2010-06-30 00:00:00
2010;7;1;3;33412.0;True;2010-07-01 00:00:00
2010;7;2;4;31621.0;True;2010-07-02 00:00:00
2010;7;3;5;11358.0;True;2010-07-03 00:00:00
2010;7;4;6;9663.0;True;2010-07-04 00:00:00
2010;7;5;0;10073.0;True;2010-07-05 00:00:00
2010;7;6;1;27712.0;True;2010-07-06 00:00:00
2010;7;7;2;26930.0;True;2010-07-07 00:00:00
2010;7;8;3;29440.0;True;2010-07-08 00:00:00
2010;7;9;4;29759.0;True;2010-07-09 00:00:00
2010;7;10;5;3379.5;True;2010-07-10 00:00:00
2010;7;11;6;2092.0;True;2010-07-11 00:00:00
2010;7;12;0;8411.0;True;2010-07-12 00:00:00
2010;7;13;1;8008.0;True;2010-07-13 00:00:00
2010;7;14;2;3863.0;True;2010-07-14 00:00:00
2010;7;15;3;9020.0;True;2010-07-15 00:00:00
2010;7;16;4;8424.0;True;2010-07-16 00:00:00
2010;7;17;5;9833.0;True;2010-07-17 00:00:00
2010;7;18;6;8589.0;True;2010-07-18 00:00:00
2010;7;19;0;32264.0;True;2010-07-19 00:00:00
2010;7;20;1;31425.0;True;2010-07-20 00:00:00
2010;7;21;2;34640.0;True;2010-07-21 00:00:00
2010;7;22;3;34680.0;True;2010-07-22 00:00:00
2010;7;23;4;33862.0;True;2010-07-23 00:00:00
2010;7;24;5;6293.5;True;2010-07-24 00:00:00
2010;7;25;6;3241.0;True;2010-07-25 00:00:00
2010;7;26;0;9885.0;True;2010-07-26 00:00:00
2010;7;27;1;10394.0;True;2010-07-27 00:00:00
2010;7;28;2;5562.0;True;2010-07-28 00:00:00
2010;7;29;3;10464.0;True;2010-07-29 00:00:00
2010;7;30;4;10826.0;True;2010-07-30 00:00:00
2010;7;31;5;8402.5;True;2010-07-31 00:00:00
2010;8;1;6;5857.0;True;2010-08-01 00:00:00
2010;8;2;0;20918.0;True;2010-08-02 00:00:00
2010;8;3;1;21741.0;True;2010-08-03 00:00:00
2010;8;4;2;22180.0;True;2010-08-04 00:00:00
2010;8;5;3;21878.0;True;2010-08-05 00:00:00
2010;8;6;4;22676.0;True;2010-08-06 00:00:00
2010;8;7;5;5769.5;True;2010-08-07 00:00:00
2010;8;8;6;3406.0;True;2010-08-08 00:00:00
2010;8;9;0;14539.0;True;2010-08-09 00:00:00
2010;8;10;1;13983.0;True;2010-08-10 00:00:00
2010;8;11;2;14663.0;True;2010-08-11 00:00:00
2010;8;12;3;14780.0;True;2010-08-12 00:00:00
2010;8;13;4;14938.0;True;2010-08-13 00:00:00
2010;8;14;5;3494.5;True;2010-08-14 00:00:00
2010;8;15;6;1850.0;True;2010-08-15 00:00:00
2010;8;16;0;7900.0;True;2010-08-16 00:00:00
2010;8;17;1;7721.0;True;2010-08-17 00:00:00
2010;8;18;2;8399.0;True;2010-08-18 00:00:00
2010;8;19;3;8176.0;True;2010-08-19 00:00:00
2010;8;20;4;8091.0;True;2010-08-20 00:00:00
2010;8;21;5;9093.0;True;2010-08-21 00:00:00
2010;8;22;6;6903.0;True;2010-08-22 00:00:00
2010;8;23;0;17513.0;True;2010-08-23 00:00:00
2010;8;24;1;18635.0;True;2010-08-24 00:00:00
2010;8;25;2;17850.0;True;2010-08-25 00:00:00
2010;8;26;3;18797.0;True;2010-08-26 00:00:00
2010;8;27;4;18838.0;True;2010-08-27 00:00:00
2010;8;28;5;5775.5;True;2010-08-28 00:00:00
2010;8;29;6;3667.0;True;2010-08-29 00:00:00
2010;8;30;0;11056.0;True;2010-08-30 00:00:00
2010;8;31;1;11296.0;True;2010-08-31 00:00:00
2010;9;1;2;10475.0;True;2010-09-01 00:00:00
2010;9;2;3;11582.0;True;2010-09-02 00:00:00
2010;9;3;4;10921.0;True;2010-09-03 00:00:00
2010;9;4;5;11588.0;True;2010-09-04 00:00:00
2010;9;5;6;10070.0;True;2010-09-05 00:00:00
2010;9;6;0;10848.0;True;2010-09-06 00:00:00
2010;9;7;1;31439.0;True;2010-09-07 00:00:00
2010;9;8;2;32826.0;True;2010-09-08 00:00:00
2010;9;9;3;30807.0;True;2010-09-09 00:00:00
2010;9;10;4;31586.0;True;2010-09-10 00:00:00
2010;9;11;5;19616.0;True;2010-09-11 00:00:00
2010;9;12;6;10093.0;True;2010-09-12 00:00:00
2010;9;13;0;25755.0;True;2010-09-13 00:00:00
2010;9;14;1;26890.0;True;2010-09-14 00:00:00
2010;9;15;2;25837.0;True;2010-09-15 00:00:00
2010;9;16;3;27449.0;True;2010-09-16 00:00:00
2010;9;17;4;24723.0;True;2010-09-17 00:00:00
2010;9;18;5;14789.0;True;2010-09-18 00:00:00
2010;9;19;6;11120.0;True;2010-09-19 00:00:00
2010;9;20;0;34820.0;True;2010-09-20 00:00:00
2010;9;21;1;27832.0;True;2010-09-21 00:00:00
2010;9;22;2;36001.0;True;2010-09-22 00:00:00
2010;9;23;3;35341.0;True;2010-09-23 00:00:00
2010;9;24;4;34817.0;True;2010-09-24 00:00:00
2010;9;25;5;17425.0;True;2010-09-25 00:00:00
2010;9;26;6;12521.0;True;2010-09-26 00:00:00
2010;9;27;0;32662.0;True;2010-09-27 00:00:00
2010;9;28;1;34701.0;True;2010-09-28 00:00:00
2010;9;29;2;35420.0;True;2010-09-29 00:00:00
2010;9;30;3;31931.0;True;2010-09-30 00:00:00
2010;10;1;4;32482.0;True;2010-10-01 00:00:00
2010;10;2;5;5570.5;True;2010-10-02 00:00:00
2010;10;3;6;3198.0;True;2010-10-03 00:00:00
2010;10;4;0;15190.0;True;2010-10-04 00:00:00
2010;10;5;1;16498.0;True;2010-10-05 00:00:00
2010;10;6;2;16249.0;True;2010-10-06 00:00:00
2010;10;7;3;16006.0;True;2010-10-07 00:00:00
2010;10;8;4;16087.0;True;2010-10-08 00:00:00
2010;10;9;5;4289.0;True;2010-10-09 00:00:00
2010;10;10;6;2148.0;True;2010-10-10 00:00:00
2010;10;11;0;10488.0;True;2010-10-11 00:00:00
2010;10;12;1;16946.0;True;2010-10-12 00:00:00
2010;10;13;2;19264.0;True;2010-10-13 00:00:00
2010;10;14;3;20576.0;True;2010-10-14 00:00:00
2010;10;15;4;17700.0;True;2010-10-15 00:00:00
2010;10;16;5;6238.0;True;2010-10-16 00:00:00
2010;10;17;6;1788.0;True;2010-10-17 00:00:00
2010;10;18;0;11691.0;True;2010-10-18 00:00:00
2010;10;19;1;14730.0;True;2010-10-19 00:00:00
2010;10;20;2;13912.0;True;2010-10-20 00:00:00
2010;10;21;3;14560.0;True;2010-10-21 00:00:00
2010;10;22;4;15475.0;True;2010-10-22 00:00:00
2010;10;23;5;6819.0;True;2010-10-23 00:00:00
2010;10;24;6;4758.0;True;2010-10-24 00:00:00
2010;10;25;0;13077.0;True;2010-10-25 00:00:00
2010;10;26;1;13751.0;True;2010-10-26 00:00:00
2010;10;27;2;12800.0;True;2010-10-27 00:00:00
2010;10;28;3;14115.0;True;2010-10-28 00:00:00
2010;10;29;4;13843.0;True;2010-10-29 00:00:00
2010;10;30;5;2375.5;True;2010-10-30 00:00:00
2010;10;31;6;1090.0;True;2010-10-31 00:00:00
2010;11;1;0;11134.0;True;2010-11-01 00:00:00
2010;11;2;1;10682.0;True;2010-11-02 00:00:00
2010;11;3;2;11786.0;True;2010-11-03 00:00:00
2010;11;4;3;7345.0;True;2010-11-04 00:00:00
2010;11;5;4;8629.0;True;2010-11-05 00:00:00
2010;11;6;5;3020.5;True;2010-11-06 00:00:00
2010;11;7;6;4036.0;True;2010-11-07 00:00:00
2010;11;8;0;9377.0;True;2010-11-08 00:00:00
2010;11;9;1;9708.0;True;2010-11-09 00:00:00
2010;11;10;2;11463.0;True;2010-11-10 00:00:00
2010;11;11;3;5503.0;True;2010-11-11 00:00:00
2010;11;12;4;9290.0;True;2010-11-12 00:00:00
2010;11;13;5;1852.0;True;2010-11-13 00:00:00
2010;11;14;6;839.0;True;2010-11-14 00:00:00
2010;11;15;0;4464.0;True;2010-11-15 00:00:00
2010;11;16;1;4829.0;True;2010-11-16 00:00:00
2010;11;17;2;3611.0;True;2010-11-17 00:00:00
2010;11;18;3;4198.0;True;2010-11-18 00:00:00
2010;11;19;4;4451.0;True;2010-11-19 00:00:00
2010;11;20;5;4820.5;True;2010-11-20 00:00:00
2010;11;21;6;4713.0;True;2010-11-21 00:00:00
2010;11;22;0;11156.0;True;2010-11-22 00:00:00
2010;11;23;1;11875.0;True;2010-11-23 00:00:00
2010;11;24;2;10845.0;True;2010-11-24 00:00:00
2010;11;25;3;2803.0;True;2010-11-25 00:00:00
2010;11;26;4;7323.0;True;2010-11-26 00:00:00
2010;11;27;5;2153.5;True;2010-11-27 00:00:00
2010;11;28;6;1362.0;True;2010-11-28 00:00:00
2010;11;29;0;4291.0;True;2010-11-29 00:00:00
2010;11;30;1;4608.0;True;2010-11-30 00:00:00
2010;12;1;2;4368.0;True;2010-12-01 00:00:00
2010;12;2;3;4468.0;True;2010-12-02 00:00:00
2010;12;3;4;4873.0;True;2010-12-03 00:00:00
2010;12;4;5;3906.0;True;2010-12-04 00:00:00
2010;12;5;6;2704.0;True;2010-12-05 00:00:00
2010;12;6;0;10297.0;True;2010-12-06 00:00:00
2010;12;7;1;7623.0;True;2010-12-07 00:00:00
2010;12;8;2;10399.0;True;2010-12-08 00:00:00
2010;12;9;3;6641.0;True;2010-12-09 00:00:00
2010;12;10;4;11028.0;True;2010-12-10 00:00:00
2010;12;11;5;1655.5;True;2010-12-11 00:00:00
2010;12;12;6;321.0;True;2010-12-12 00:00:00
2010;12;13;0;1442.0;True;2010-12-13 00:00:00
2010;12;14;1;1420.0;True;2010-12-14 00:00:00
2010;12;15;2;1500.0;True;2010-12-15 00:00:00
2010;12;16;3;772.0;True;2010-12-16 00:00:00
2010;12;17;4;1530.0;True;2010-12-17 00:00:00
2010;12;18;5;3545.0;True;2010-12-18 00:00:00
2010;12;19;6;3108.0;True;2010-12-19 00:00:00
2010;12;20;0;5389.0;True;2010-12-20 00:00:00
2010;12;21;1;3614.0;True;2010-12-21 00:00:00
2010;12;22;2;4743.0;True;2010-12-22 00:00:00
2010;12;23;3;4475.0;True;2010-12-23 00:00:00
2010;12;24;4;3392.0;True;2010-12-24 00:00:00
2010;12;25;5;975.5;True;2010-12-25 00:00:00
2010;12;26;6;1464.0;True;2010-12-26 00:00:00
2010;12;27;0;1562.0;True;2010-12-27 00:00:00
2010;12;28;1;4684.0;True;2010-12-28 00:00:00
2010;12;29;2;5380.0;True;2010-12-29 00:00:00
2010;12;30;3;6117.0;True;2010-12-30 00:00:00
2010;12;31;4;3618.0;True;2010-12-31 00:00:00
2011;1;1;5;2327.5;True;2011-01-01 00:00:00
2011;1;2;6;1959.0;True;2011-01-02 00:00:00
2011;1;3;0;2946.0;True;2011-01-03 00:00:00
2011;1;4;1;3182.0;True;2011-01-04 00:00:00
2011;1;5;2;3222.0;True;2011-01-05 00:00:00
2011;1;6;3;3013.0;True;2011-01-06 00:00:00
2011;1;7;4;3043.0;True;2011-01-07 00:00:00
2011;1;8;5;4371.0;True;2011-01-08 00:00:00
2011;1;9;6;3619.0;True;2011-01-09 00:00:00
2011;1;10;0;8730.0;True;2011-01-10 00:00:00
2011;1;11;1;4751.0;True;2011-01-11 00:00:00
2011;1;12;2;7198.0;True;2011-01-12 00:00:00
2011;1;13;3;9822.0;True;2011-01-13 00:00:00
2011;1;14;4;9019.0;True;2011-01-14 00:00:00
2011;1;15;5;4631.5;True;2011-01-15 00:00:00
2011;1;16;6;3188.0;True;2011-01-16 00:00:00
2011;1;17;0;4134.0;True;2011-01-17 00:00:00
2011;1;18;1;10119.0;True;2011-01-18 00:00:00
2011;1;19;2;5222.0;True;2011-01-19 00:00:00
2011;1;20;3;8629.0;True;2011-01-20 00:00:00
2011;1;21;4;10467.0;True;2011-01-21 00:00:00
2011;1;22;5;4846.0;True;2011-01-22 00:00:00
2011;1;23;6;3239.0;True;2011-01-23 00:00:00
2011;1;24;0;16183.0;True;2011-01-24 00:00:00
2011;1;25;1;16880.0;True;2011-01-25 00:00:00
2011;1;26;2;2301.0;True;2011-01-26 00:00:00
2011;1;27;3;11619.0;True;2011-01-27 00:00:00
2011;1;28;4;16771.0;True;2011-01-28 00:00:00
2011;1;29;5;5527.5;True;2011-01-29 00:00:00
2011;1;30;6;4194.0;True;2011-01-30 00:00:00
2011;1;31;0;9518.0;True;2011-01-31 00:00:00
2011;2;1;1;9209.0;True;2011-02-01 00:00:00
2011;2;2;2;8737.0;True;2011-02-02 00:00:00
2011;2;3;3;7948.0;True;2011-02-03 00:00:00
2011;2;4;4;9162.0;True;2011-02-04 00:00:00
2011;2;5;5;3963.0;True;2011-02-05 00:00:00
2011;2;6;6;2822.0;True;2011-02-06 00:00:00
2011;2;7;0;3963.0;True;2011-02-07 00:00:00
2011;2;8;1;3901.0;True;2011-02-08 00:00:00
2011;2;9;2;3773.0;True;2011-02-09 00:00:00
2011;2;10;3;3836.0;True;2011-02-10 00:00:00
2011;2;11;4;4160.0;True;2011-02-11 00:00:00
2011;2;12;5;11047.0;True;2011-02-12 00:00:00
2011;2;13;6;8523.0;True;2011-02-13 00:00:00
2011;2;14;0;19945.0;True;2011-02-14 00:00:00
2011;2;15;1;20468.0;True;2011-02-15 00:00:00
2011;2;16;2;21555.0;True;2011-02-16 00:00:00
2011;2;17;3;20596.0;True;2011-02-17 00:00:00
2011;2;18;4;20166.0;True;2011-02-18 00:00:00
2011;2;19;5;9679.5;True;2011-02-19 00:00:00
2011;2;20;6;6809.0;True;2011-02-20 00:00:00
2011;2;21;0;9661.0;True;2011-02-21 00:00:00
2011;2;22;1;27519.0;True;2011-02-22 00:00:00
2011;2;23;2;17812.0;True;2011-02-23 00:00:00
2011;2;24;3;26986.0;True;2011-02-24 00:00:00
2011;2;25;4;22932.0;True;2011-02-25 00:00:00
2011;2;26;5;2747.5;True;2011-02-26 00:00:00
2011;2;27;6;877.0;True;2011-02-27 00:00:00
2011;2;28;0;3729.0;True;2011-02-28 00:00:00
2011;3;1;1;3924.0;True;2011-03-01 00:00:00
2011;3;2;2;4125.0;True;2011-03-02 00:00:00
2011;3;3;3;3922.0;True;2011-03-03 00:00:00
2011;3;4;4;2750.0;True;2011-03-04 00:00:00
2011;3;5;5;314.0;True;2011-03-05 00:00:00
2011;3;6;6;21.0;True;2011-03-06 00:00:00
2011;3;7;0;5152.5;True;2011-03-07 00:00:00
2011;3;8;1;5492.0;True;2011-03-08 00:00:00
2011;3;9;2;5469.0;True;2011-03-09 00:00:00
2011;3;10;3;5292.0;True;2011-03-10 00:00:00
2011;3;11;4;5285.0;True;2011-03-11 00:00:00
2011;3;12;5;3523.5;True;2011-03-12 00:00:00
2011;3;13;6;2112.0;True;2011-03-13 00:00:00
2011;3;14;0;17443.0;True;2011-03-14 00:00:00
2011;3;15;1;18326.0;True;2011-03-15 00:00:00
2011;3;16;2;18001.0;True;2011-03-16 00:00:00
2011;3;17;3;18756.0;True;2011-03-17 00:00:00
2011;3;18;4;18635.0;True;2011-03-18 00:00:00
2011;3;19;5;9889.5;True;2011-03-19 00:00:00
2011;3;20;6;6416.0;True;2011-03-20 00:00:00
2011;3;21;0;22052.0;True;2011-03-21 00:00:00
2011;3;22;1;23638.0;True;2011-03-22 00:00:00
2011;3;23;2;19651.0;True;2011-03-23 00:00:00
2011;3;24;3;23429.0;True;2011-03-24 00:00:00
2011;3;25;4;23393.0;True;2011-03-25 00:00:00
2011;3;26;5;6922.0;True;2011-03-26 00:00:00
2011;3;27;6;4285.0;True;2011-03-27 00:00:00
2011;3;28;0;21177.0;True;2011-03-28 00:00:00
2011;3;29;1;21741.0;True;2011-03-29 00:00:00
2011;3;30;2;21953.0;True;2011-03-30 00:00:00
2011;3;31;3;21595.0;True;2011-03-31 00:00:00
2011;4;1;4;19562.0;True;2011-04-01 00:00:00
2011;4;2;5;9273.5;True;2011-04-02 00:00:00
2011;4;3;6;6772.0;True;2011-04-03 00:00:00
2011;4;4;0;29166.0;True;2011-04-04 00:00:00
2011;4;5;1;30797.0;True;2011-04-05 00:00:00
2011;4;6;2;31501.0;True;2011-04-06 00:00:00
2011;4;7;3;30643.0;True;2011-04-07 00:00:00
2011;4;8;4;30404.0;True;2011-04-08 00:00:00
2011;4;9;5;5416.0;True;2011-04-09 00:00:00
2011;4;10;6;2490.0;True;2011-04-10 00:00:00
2011;4;11;0;13404.0;True;2011-04-11 00:00:00
2011;4;12;1;13472.0;True;2011-04-12 00:00:00
2011;4;13;2;13905.0;True;2011-04-13 00:00:00
2011;4;14;3;13791.0;True;2011-04-14 00:00:00
2011;4;15;4;13633.0;True;2011-04-15 00:00:00
2011;4;16;5;9336.0;True;2011-04-16 00:00:00
2011;4;17;6;7847.0;True;2011-04-17 00:00:00
2011;4;18;0;17841.0;True;2011-04-18 00:00:00
2011;4;19;1;20037.0;True;2011-04-19 00:00:00
2011;4;20;2;21493.0;True;2011-04-20 00:00:00
2011;4;21;3;22033.0;True;2011-04-21 00:00:00
2011;4;22;4;17763.0;True;2011-04-22 00:00:00
2011;4;23;5;14606.0;True;2011-04-23 00:00:00
2011;4;24;6;11741.0;True;2011-04-24 00:00:00
2011;4;25;0;37876.0;True;2011-04-25 00:00:00
2011;4;26;1;41397.0;True;2011-04-26 00:00:00
2011;4;27;2;36103.0;True;2011-04-27 00:00:00
2011;4;28;3;40739.0;True;2011-04-28 00:00:00
2011;4;29;4;40565.0;True;2011-04-29 00:00:00
2011;4;30;5;3636.5;True;2011-04-30 00:00:00
2011;5;1;6;415.0;True;2011-05-01 00:00:00
2011;5;2;0;16823.0;True;2011-05-02 00:00:00
2011;5;3;1;17652.0;True;2011-05-03 00:00:00
2011;5;4;2;17732.0;True;2011-05-04 00:00:00
2011;5;5;3;17199.0;True;2011-05-05 00:00:00
2011;5;6;4;17229.0;True;2011-05-06 00:00:00
2011;5;7;5;14357.0;True;2011-05-07 00:00:00
2011;5;8;6;10566.0;True;2011-05-08 00:00:00
2011;5;9;0;29557.0;True;2011-05-09 00:00:00
2011;5;10;1;29246.0;True;2011-05-10 00:00:00
2011;5;11;2;30490.0;True;2011-05-11 00:00:00
2011;5;12;3;31468.0;True;2011-05-12 00:00:00
2011;5;13;4;30453.0;True;2011-05-13 00:00:00
2011;5;14;5;4215.0;True;2011-05-14 00:00:00
2011;5;15;6;1510.0;True;2011-05-15 00:00:00
2011;5;16;0;18522.0;True;2011-05-16 00:00:00
2011;5;17;1;19664.0;True;2011-05-17 00:00:00
2011;5;18;2;19568.0;True;2011-05-18 00:00:00
2011;5;19;3;19134.0;True;2011-05-19 00:00:00
2011;5;20;4;19660.0;True;2011-05-20 00:00:00
2011;5;21;5;13494.5;True;2011-05-21 00:00:00
2011;5;22;6;9187.0;True;2011-05-22 00:00:00
2011;5;23;0;34704.0;True;2011-05-23 00:00:00
2011;5;24;1;36647.0;True;2011-05-24 00:00:00
2011;5;25;2;37431.0;True;2011-05-25 00:00:00
2011;5;26;3;30024.0;True;2011-05-26 00:00:00
2011;5;27;4;34795.0;True;2011-05-27 00:00:00
2011;5;28;5;10137.0;True;2011-05-28 00:00:00
2011;5;29;6;7614.0;True;2011-05-29 00:00:00
2011;5;30;0;7257.0;True;2011-05-30 00:00:00
2011;5;31;1;23916.0;True;2011-05-31 00:00:00
2011;6;1;2;25830.0;True;2011-06-01 00:00:00
2011;6;2;3;25528.0;True;2011-06-02 00:00:00
2011;6;3;4;25971.0;True;2011-06-03 00:00:00
2011;6;4;5;13236.0;True;2011-06-04 00:00:00
2011;6;5;6;11113.0;True;2011-06-05 00:00:00
2011;6;6;0;30215.0;True;2011-06-06 00:00:00
2011;6;7;1;30857.0;True;2011-06-07 00:00:00
2011;6;8;2;30495.0;True;2011-06-08 00:00:00
2011;6;9;3;30248.0;True;2011-06-09 00:00:00
2011;6;10;4;31164.0;True;2011-06-10 00:00:00
2011;6;11;5;9318.0;True;2011-06-11 00:00:00
2011;6;12;6;5396.0;True;2011-06-12 00:00:00
2011;6;13;0;22415.0;True;2011-06-13 00:00:00
2011;6;14;1;23378.0;True;2011-06-14 00:00:00
2011;6;15;2;23891.0;True;2011-06-15 00:00:00
2011;6;16;3;23846.0;True;2011-06-16 00:00:00
2011;6;17;4;22924.0;True;2011-06-17 00:00:00
2011;6;18;5;3783.5;True;2011-06-18 00:00:00
2011;6;19;6;1870.0;True;2011-06-19 00:00:00
2011;6;20;0;8912.0;True;2011-06-20 00:00:00
2011;6;21;1;9318.0;True;2011-06-21 00:00:00
2011;6;22;2;9606.0;True;2011-06-22 00:00:00
2011;6;23;3;9129.0;True;2011-06-23 00:00:00
2011;6;24;4;9067.0;True;2011-06-24 00:00:00
2011;6;25;5;4099.5;True;2011-06-25 00:00:00
2011;6;26;6;2816.0;True;2011-06-26 00:00:00
2011;6;27;0;15832.0;True;2011-06-27 00:00:00
2011;6;28;1;16564.0;True;2011-06-28 00:00:00
2011;6;29;2;15667.0;True;2011-06-29 00:00:00
2011;6;30;3;17342.0;True;2011-06-30 00:00:00
2011;7;1;4;16138.0;True;2011-07-01 00:00:00
2011;7;2;5;6639.0;True;2011-07-02 00:00:00
2011;7;3;6;4541.0;True;2011-07-03 00:00:00
2011;7;4;0;5407.0;True;2011-07-04 00:00:00
2011;7;5;1;11774.0;True;2011-07-05 00:00:00
2011;7;6;2;11864.0;True;2011-07-06 00:00:00
2011;7;7;3;12865.0;True;2011-07-07 00:00:00
2011;7;8;4;11937.0;True;2011-07-08 00:00:00
2011;7;9;5;8153.0;True;2011-07-09 00:00:00
2011;7;10;6;6177.0;True;2011-07-10 00:00:00
2011;7;11;0;23124.0;True;2011-07-11 00:00:00
2011;7;12;1;23962.0;True;2011-07-12 00:00:00
2011;7;13;2;24611.0;True;2011-07-13 00:00:00
2011;7;14;3;25037.0;True;2011-07-14 00:00:00
2011;7;15;4;24533.0;True;2011-07-15 00:00:00
2011;7;16;5;13541.5;True;2011-07-16 00:00:00
2011;7;17;6;8418.0;True;2011-07-17 00:00:00
2011;7;18;0;33923.0;True;2011-07-18 00:00:00
2011;7;19;1;36227.0;True;2011-07-19 00:00:00
2011;7;20;2;35719.0;True;2011-07-20 00:00:00
2011;7;21;3;36063.0;True;2011-07-21 00:00:00
2011;7;22;4;32262.0;True;2011-07-22 00:00:00
2011;7;23;5;7226.5;True;2011-07-23 00:00:00
2011;7;24;6;5018.0;True;2011-07-24 00:00:00
2011;7;25;0;10255.0;True;2011-07-25 00:00:00
2011;7;26;1;10780.0;True;2011-07-26 00:00:00
2011;7;27;2;11349.0;True;2011-07-27 00:00:00
2011;7;28;3;10909.0;True;2011-07-28 00:00:00
2011;7;29;4;10798.0;True;2011-07-29 00:00:00
2011;7;30;5;794.0;True;2011-07-30 00:00:00
2011;7;31;6;91.0;True;2011-07-31 00:00:00
2011;8;1;0;8460.0;True;2011-08-01 00:00:00
2011;8;2;1;9668.0;True;2011-08-02 00:00:00
2011;8;3;2;9474.0;True;2011-08-03 00:00:00
2011;8;4;3;9705.0;True;2011-08-04 00:00:00
2011;8;5;4;10038.0;True;2011-08-05 00:00:00
2011;8;6;5;12440.5;True;2011-08-06 00:00:00
2011;8;7;6;9617.0;True;2011-08-07 00:00:00
2011;8;8;0;40410.0;True;2011-08-08 00:00:00
2011;8;9;1;40079.0;True;2011-08-09 00:00:00
2011;8;10;2;42768.0;True;2011-08-10 00:00:00
2011;8;11;3;44560.0;True;2011-08-11 00:00:00
2011;8;12;4;41201.0;True;2011-08-12 00:00:00
2011;8;13;5;7895.5;True;2011-08-13 00:00:00
2011;8;14;6;2858.0;True;2011-08-14 00:00:00
2011;8;15;0;18567.0;True;2011-08-15 00:00:00
2011;8;16;1;17982.0;True;2011-08-16 00:00:00
2011;8;17;2;19100.0;True;2011-08-17 00:00:00
2011;8;18;3;19132.0;True;2011-08-18 00:00:00
2011;8;19;4;19777.0;True;2011-08-19 00:00:00
2011;8;20;5;17287.0;True;2011-08-20 00:00:00
2011;8;21;6;11073.0;True;2011-08-21 00:00:00
2011;8;22;0;33255.0;True;2011-08-22 00:00:00
2011;8;23;1;33551.0;True;2011-08-23 00:00:00
2011;8;24;2;34306.0;True;2011-08-24 00:00:00
2011;8;25;3;33937.0;True;2011-08-25 00:00:00
2011;8;26;4;32304.0;True;2011-08-26 00:00:00
2011;8;27;5;2754.0;True;2011-08-27 00:00:00
2011;8;28;6;65.0;True;2011-08-28 00:00:00
2011;8;29;0;21470.0;True;2011-08-29 00:00:00
2011;8;30;1;32177.0;True;2011-08-30 00:00:00
2011;8;31;2;33026.0;True;2011-08-31 00:00:00
2011;9;1;3;34306.0;True;2011-09-01 00:00:00
2011;9;2;4;30760.0;True;2011-09-02 00:00:00
2011;9;3;5;11221.5;True;2011-09-03 00:00:00
2011;9;4;6;8704.0;True;2011-09-04 00:00:00
2011;9;5;0;8755.0;True;2011-09-05 00:00:00
2011;9;6;1;18710.0;True;2011-09-06 00:00:00
2011;9;7;2;19502.0;True;2011-09-07 00:00:00
2011;9;8;3;17604.0;True;2011-09-08 00:00:00
2011;9;9;4;20111.0;True;2011-09-09 00:00:00
2011;9;10;5;12885.0;True;2011-09-10 00:00:00
2011;9;11;6;9590.0;True;2011-09-11 00:00:00
2011;9;12;0;28707.0;True;2011-09-12 00:00:00
2011;9;13;1;29719.0;True;2011-09-13 00:00:00
2011;9;14;2;29879.0;True;2011-09-14 00:00:00
2011;9;15;3;29754.0;True;2011-09-15 00:00:00
2011;9;16;4;28651.0;True;2011-09-16 00:00:00
2011;9;17;5;19971.5;True;2011-09-17 00:00:00
2011;9;18;6;14541.0;True;2011-09-18 00:00:00
2011;9;19;0;43291.0;True;2011-09-19 00:00:00
2011;9;20;1;42520.0;True;2011-09-20 00:00:00
2011;9;21;2;43753.0;True;2011-09-21 00:00:00
2011;9;22;3;43066.0;True;2011-09-22 00:00:00
2011;9;23;4;38957.0;True;2011-09-23 00:00:00
2011;9;24;5;16099.0;True;2011-09-24 00:00:00
2011;9;25;6;11269.0;True;2011-09-25 00:00:00
2011;9;26;0;26478.0;True;2011-09-26 00:00:00
2011;9;27;1;26765.0;True;2011-09-27 00:00:00
2011;9;28;2;25949.0;True;2011-09-28 00:00:00
2011;9;29;3;23867.0;True;2011-09-29 00:00:00
2011;9;30;4;24009.0;True;2011-09-30 00:00:00
2011;10;1;5;11385.0;True;2011-10-01 00:00:00
2011;10;2;6;9276.0;True;2011-10-02 00:00:00
2011;10;3;0;30414.0;True;2011-10-03 00:00:00
2011;10;4;1;30008.0;True;2011-10-04 00:00:00
2011;10;5;2;34669.0;True;2011-10-05 00:00:00
2011;10;6;3;32590.0;True;2011-10-06 00:00:00
2011;10;7;4;31445.0;True;2011-10-07 00:00:00
2011;10;8;5;19005.0;True;2011-10-08 00:00:00
2011;10;9;6;15821.0;True;2011-10-09 00:00:00
2011;10;10;0;26343.0;True;2011-10-10 00:00:00
2011;10;11;1;34674.0;True;2011-10-11 00:00:00
2011;10;12;2;33944.0;True;2011-10-12 00:00:00
2011;10;13;3;34351.0;True;2011-10-13 00:00:00
2011;10;14;4;37145.0;True;2011-10-14 00:00:00
2011;10;15;5;2660.0;True;2011-10-15 00:00:00
2011;10;16;6;96.0;True;2011-10-16 00:00:00
2011;10;17;0;2351.0;True;2011-10-17 00:00:00
2011;10;18;1;2321.0;True;2011-10-18 00:00:00
2011;10;19;2;2050.0;True;2011-10-19 00:00:00
2011;10;20;3;2309.0;True;2011-10-20 00:00:00
2011;10;21;4;2464.0;True;2011-10-21 00:00:00
2011;10;22;5;6573.0;True;2011-10-22 00:00:00
2011;10;23;6;3930.0;True;2011-10-23 00:00:00
2011;10;24;0;19539.0;True;2011-10-24 00:00:00
2011;10;25;1;21612.0;True;2011-10-25 00:00:00
2011;10;26;2;22115.0;True;2011-10-26 00:00:00
2011;10;27;3;19942.0;True;2011-10-27 00:00:00
2011;10;28;4;19057.0;True;2011-10-28 00:00:00
2011;10;29;5;1455.0;True;2011-10-29 00:00:00
2011;10;30;6;31.0;True;2011-10-30 00:00:00
2011;10;31;0;8007.0;True;2011-10-31 00:00:00
2011;11;1;1;8156.0;True;2011-11-01 00:00:00
2011;11;2;2;8736.0;True;2011-11-02 00:00:00
2011;11;3;3;8811.0;True;2011-11-03 00:00:00
2011;11;4;4;9145.0;True;2011-11-04 00:00:00
2011;11;5;5;3561.0;True;2011-11-05 00:00:00
2011;11;6;6;3859.0;True;2011-11-06 00:00:00
2011;11;7;0;6111.0;True;2011-11-07 00:00:00
2011;11;8;1;5615.0;True;2011-11-08 00:00:00
2011;11;9;2;6116.0;True;2011-11-09 00:00:00
2011;11;10;3;6092.0;True;2011-11-10 00:00:00
2011;11;11;4;4897.0;True;2011-11-11 00:00:00
2011;11;12;5;1158.0;True;2011-11-12 00:00:00
2011;11;13;6;518.0;True;2011-11-13 00:00:00
2011;11;14;0;1323.0;True;2011-11-14 00:00:00
2011;11;15;1;1315.0;True;2011-11-15 00:00:00
2011;11;16;2;1590.0;True;2011-11-16 00:00:00
2011;11;17;3;1606.0;True;2011-11-17 00:00:00
2011;11;18;4;1560.0;True;2011-11-18 00:00:00
2011;11;19;5;2727.5;True;2011-11-19 00:00:00
2011;11;20;6;2316.0;True;2011-11-20 00:00:00
2011;11;21;0;6789.0;True;2011-11-21 00:00:00
2011;11;22;1;9543.0;True;2011-11-22 00:00:00
2011;11;23;2;7637.0;True;2011-11-23 00:00:00
2011;11;24;3;2222.0;True;2011-11-24 00:00:00
2011;11;25;4;7511.0;True;2011-11-25 00:00:00
2011;11;26;5;8541.5;True;2011-11-26 00:00:00
2011;11;27;6;6903.0;True;2011-11-27 00:00:00
2011;11;28;0;18947.0;True;2011-11-28 00:00:00
2011;11;29;1;17552.0;True;2011-11-29 00:00:00
2011;11;30;2;23038.0;True;2011-11-30 00:00:00
2011;12;1;3;21046.0;True;2011-12-01 00:00:00
2011;12;2;4;22826.0;True;2011-12-02 00:00:00
2011;12;3;5;5287.5;True;2011-12-03 00:00:00
2011;12;4;6;3849.0;True;2011-12-04 00:00:00
2011;12;5;0;10459.0;True;2011-12-05 00:00:00
2011;12;6;1;9944.0;True;2011-12-06 00:00:00
2011;12;7;2;10877.0;True;2011-12-07 00:00:00
2011;12;8;3;11474.0;True;2011-12-08 00:00:00
2011;12;9;4;10106.0;True;2011-12-09 00:00:00
2011;12;10;5;8266.5;True;2011-12-10 00:00:00
2011;12;11;6;5263.0;True;2011-12-11 00:00:00
2011;12;12;0;14853.0;True;2011-12-12 00:00:00
2011;12;13;1;15216.0;True;2011-12-13 00:00:00
2011;12;14;2;10405.0;True;2011-12-14 00:00:00
2011;12;15;3;17304.0;True;2011-12-15 00:00:00
2011;12;16;4;10626.0;True;2011-12-16 00:00:00
2011;12;17;5;11154.0;True;2011-12-17 00:00:00
2011;12;18;6;8047.0;True;2011-12-18 00:00:00
2011;12;19;0;21061.0;True;2011-12-19 00:00:00
2011;12;20;1;22209.0;True;2011-12-20 00:00:00
2011;12;21;2;19629.0;True;2011-12-21 00:00:00
2011;12;22;3;20733.0;True;2011-12-22 00:00:00
2011;12;23;4;18420.0;True;2011-12-23 00:00:00
2011;12;24;5;8300.0;True;2011-12-24 00:00:00
2011;12;25;6;4549.0;True;2011-12-25 00:00:00
2011;12;26;0;9825.0;True;2011-12-26 00:00:00
2011;12;27;1;20271.0;True;2011-12-27 00:00:00
2011;12;28;2;22245.0;True;2011-12-28 00:00:00
2011;12;29;3;22718.0;True;2011-12-29 00:00:00
2011;12;30;4;21800.0;True;2011-12-30 00:00:00
2011;12;31;5;8860.5;True;2011-12-31 00:00:00
2012;1;1;6;7112.0;True;2012-01-01 00:00:00
2012;1;2;0;7393.0;True;2012-01-02 00:00:00
2012;1;3;1;17307.0;True;2012-01-03 00:00:00
2012;1;4;2;20288.0;True;2012-01-04 00:00:00
2012;1;5;3;22804.0;True;2012-01-05 00:00:00
2012;1;6;4;17274.0;True;2012-01-06 00:00:00
2012;1;7;5;10843.5;True;2012-01-07 00:00:00
2012;1;8;6;7714.0;True;2012-01-08 00:00:00
2012;1;9;0;26071.0;True;2012-01-09 00:00:00
2012;1;10;1;26957.0;True;2012-01-10 00:00:00
2012;1;11;2;26939.0;True;2012-01-11 00:00:00
2012;1;12;3;27255.0;True;2012-01-12 00:00:00
2012;1;13;4;27536.0;True;2012-01-13 00:00:00
2012;1;14;5;3010.5;True;2012-01-14 00:00:00
2012;1;15;6;1063.0;True;2012-01-15 00:00:00
2012;1;16;0;1286.0;True;2012-01-16 00:00:00
2012;1;17;1;3167.0;True;2012-01-17 00:00:00
2012;1;18;2;3401.0;True;2012-01-18 00:00:00
2012;1;19;3;3272.0;True;2012-01-19 00:00:00
2012;1;20;4;3444.0;True;2012-01-20 00:00:00
2012;1;21;5;2245.5;True;2012-01-21 00:00:00
2012;1;22;6;1651.0;True;2012-01-22 00:00:00
2012;1;23;0;2584.0;True;2012-01-23 00:00:00
2012;1;24;1;2430.0;True;2012-01-24 00:00:00
2012;1;25;2;2495.0;True;2012-01-25 00:00:00
2012;1;26;3;2666.0;True;2012-01-26 00:00:00
2012;1;27;4;4163.0;True;2012-01-27 00:00:00
2012;1;28;5;4977.0;True;2012-01-28 00:00:00
2012;1;29;6;3860.0;True;2012-01-29 00:00:00
2012;1;30;0;10896.0;True;2012-01-30 00:00:00
2012;1;31;1;11952.0;True;2012-01-31 00:00:00
2012;2;1;2;12122.0;True;2012-02-01 00:00:00
2012;2;2;3;11722.0;True;2012-02-02 00:00:00
2012;2;3;4;12036.0;True;2012-02-03 00:00:00
2012;2;4;5;4727.0;True;2012-02-04 00:00:00
2012;2;5;6;3392.0;True;2012-02-05 00:00:00
2012;2;6;0;9812.0;True;2012-02-06 00:00:00
2012;2;7;1;5722.0;True;2012-02-07 00:00:00
2012;2;8;2;7372.0;True;2012-02-08 00:00:00
2012;2;9;3;7513.0;True;2012-02-09 00:00:00
2012;2;10;4;7342.0;True;2012-02-10 00:00:00
2012;2;11;5;1108.0;True;2012-02-11 00:00:00
2012;2;12;6;306.0;True;2012-02-12 00:00:00
2012;2;13;0;644.0;True;2012-02-13 00:00:00
2012;2;14;1;701.0;True;2012-02-14 00:00:00
2012;2;15;2;588.0;True;2012-02-15 00:00:00
2012;2;16;3;628.0;True;2012-02-16 00:00:00
2012;2;17;4;668.0;True;2012-02-17 00:00:00
2012;2;18;5;6493.0;True;2012-02-18 00:00:00
2012;2;19;6;6212.0;True;2012-02-19 00:00:00
2012;2;20;0;7492.0;True;2012-02-20 00:00:00
2012;2;21;1;17749.0;True;2012-02-21 00:00:00
2012;2;22;2;13994.0;True;2012-02-22 00:00:00
2012;2;23;3;15038.0;True;2012-02-23 00:00:00
2012;2;24;4;12977.0;True;2012-02-24 00:00:00
2012;2;25;5;5177.0;True;2012-02-25 00:00:00
2012;2;26;6;3492.0;True;2012-02-26 00:00:00
2012;2;27;0;9618.0;True;2012-02-27 00:00:00
2012;2;28;1;8212.0;True;2012-02-28 00:00:00
2012;2;29;2;10156.0;True;2012-02-29 00:00:00
2012;3;1;3;10265.0;True;2012-03-01 00:00:00
2012;3;2;4;9593.0;True;2012-03-02 00:00:00
2012;3;3;5;3418.5;True;2012-03-03 00:00:00
2012;3;4;6;2401.0;True;2012-03-04 00:00:00
2012;3;5;0;3907.0;True;2012-03-05 00:00:00
2012;3;6;1;3632.0;True;2012-03-06 00:00:00
2012;3;7;2;3753.0;True;2012-03-07 00:00:00
2012;3;8;3;3604.0;True;2012-03-08 00:00:00
2012;3;9;4;3709.0;True;2012-03-09 00:00:00
2012;3;10;5;6964.5;True;2012-03-10 00:00:00
2012;3;11;6;7148.0;True;2012-03-11 00:00:00
2012;3;12;0;28733.0;True;2012-03-12 00:00:00
2012;3;13;1;29191.0;True;2012-03-13 00:00:00
2012;3;14;2;30760.0;True;2012-03-14 00:00:00
2012;3;15;3;29295.0;True;2012-03-15 00:00:00
2012;3;16;4;28953.0;True;2012-03-16 00:00:00
2012;3;17;5;8457.5;True;2012-03-17 00:00:00
2012;3;18;6;8637.0;True;2012-03-18 00:00:00
2012;3;19;0;16100.0;True;2012-03-19 00:00:00
2012;3;20;1;15940.0;True;2012-03-20 00:00:00
2012;3;21;2;16299.0;True;2012-03-21 00:00:00
2012;3;22;3;17609.0;True;2012-03-22 00:00:00
2012;3;23;4;17897.0;True;2012-03-23 00:00:00
2012;3;24;5;5876.0;True;2012-03-24 00:00:00
2012;3;25;6;4970.0;True;2012-03-25 00:00:00
2012;3;26;0;16462.0;True;2012-03-26 00:00:00
2012;3;27;1;17642.0;True;2012-03-27 00:00:00
2012;3;28;2;18258.0;True;2012-03-28 00:00:00
2012;3;29;3;15584.0;True;2012-03-29 00:00:00
2012;3;30;4;17418.0;True;2012-03-30 00:00:00
2012;3;31;5;5396.0;True;2012-03-31 00:00:00
2012;4;1;6;4117.0;True;2012-04-01 00:00:00
2012;4;2;0;19540.0;True;2012-04-02 00:00:00
2012;4;3;1;12687.0;True;2012-04-03 00:00:00
2012;4;4;2;18338.0;True;2012-04-04 00:00:00
2012;4;5;3;16964.0;True;2012-04-05 00:00:00
2012;4;6;4;14543.0;True;2012-04-06 00:00:00
2012;4;7;5;6643.0;True;2012-04-07 00:00:00
2012;4;8;6;4677.0;True;2012-04-08 00:00:00
2012;4;9;0;18393.0;True;2012-04-09 00:00:00
2012;4;10;1;19175.0;True;2012-04-10 00:00:00
2012;4;11;2;18212.0;True;2012-04-11 00:00:00
2012;4;12;3;19271.0;True;2012-04-12 00:00:00
2012;4;13;4;19050.0;True;2012-04-13 00:00:00
2012;4;14;5;20906.0;True;2012-04-14 00:00:00
2012;4;15;6;16449.0;True;2012-04-15 00:00:00
2012;4;16;0;38334.0;True;2012-04-16 00:00:00
2012;4;17;1;39502.0;True;2012-04-17 00:00:00
2012;4;18;2;39703.0;True;2012-04-18 00:00:00
2012;4;19;3;40049.0;True;2012-04-19 00:00:00
2012;4;20;4;39843.0;True;2012-04-20 00:00:00
2012;4;21;5;6101.0;True;2012-04-21 00:00:00
2012;4;22;6;3249.0;True;2012-04-22 00:00:00
2012;4;23;0;8899.0;True;2012-04-23 00:00:00
2012;4;24;1;9094.0;True;2012-04-24 00:00:00
2012;4;25;2;9411.0;True;2012-04-25 00:00:00
2012;4;26;3;8792.0;True;2012-04-26 00:00:00
2012;4;27;4;9476.0;True;2012-04-27 00:00:00
2012;4;28;5;14346.5;True;2012-04-28 00:00:00
2012;4;29;6;10821.0;True;2012-04-29 00:00:00
2012;4;30;0;31752.0;True;2012-04-30 00:00:00
2012;5;1;1;33166.0;True;2012-05-01 00:00:00
2012;5;2;2;33248.0;True;2012-05-02 00:00:00
2012;5;3;3;33757.0;True;2012-05-03 00:00:00
2012;5;4;4;33628.0;True;2012-05-04 00:00:00
2012;5;5;5;23854.5;True;2012-05-05 00:00:00
2012;5;6;6;15499.0;True;2012-05-06 00:00:00
2012;5;7;0;49671.0;True;2012-05-07 00:00:00
2012;5;8;1;51016.0;True;2012-05-08 00:00:00
2012;5;9;2;49640.0;True;2012-05-09 00:00:00
2012;5;10;3;51455.0;True;2012-05-10 00:00:00
2012;5;11;4;50872.0;True;2012-05-11 00:00:00
2012;5;12;5;13406.0;True;2012-05-12 00:00:00
2012;5;13;6;6897.0;True;2012-05-13 00:00:00
2012;5;14;0;27106.0;True;2012-05-14 00:00:00
2012;5;15;1;28700.0;True;2012-05-15 00:00:00
2012;5;16;2;29687.0;True;2012-05-16 00:00:00
2012;5;17;3;30525.0;True;2012-05-17 00:00:00
2012;5;18;4;29852.0;True;2012-05-18 00:00:00
2012;5;19;5;15557.5;True;2012-05-19 00:00:00
2012;5;20;6;12981.0;True;2012-05-20 00:00:00
2012;5;21;0;39819.0;True;2012-05-21 00:00:00
2012;5;22;1;41428.0;True;2012-05-22 00:00:00
2012;5;23;2;44151.0;True;2012-05-23 00:00:00
2012;5;24;3;42887.0;True;2012-05-24 00:00:00
2012;5;25;4;41385.0;True;2012-05-25 00:00:00
2012;5;26;5;11087.5;True;2012-05-26 00:00:00
2012;5;27;6;7550.0;True;2012-05-27 00:00:00
2012;5;28;0;7581.0;True;2012-05-28 00:00:00
2012;5;29;1;14420.0;True;2012-05-29 00:00:00
2012;5;30;2;20634.0;True;2012-05-30 00:00:00
2012;5;31;3;21744.0;True;2012-05-31 00:00:00
2012;6;1;4;21469.0;True;2012-06-01 00:00:00
2012;6;2;5;25553.5;True;2012-06-02 00:00:00
2012;6;3;6;21395.0;True;2012-06-03 00:00:00
2012;6;4;0;52765.0;True;2012-06-04 00:00:00
2012;6;5;1;55140.0;True;2012-06-05 00:00:00
2012;6;6;2;54421.0;True;2012-06-06 00:00:00
2012;6;7;3;56106.0;True;2012-06-07 00:00:00
2012;6;8;4;53096.0;True;2012-06-08 00:00:00
2012;6;9;5;12148.0;True;2012-06-09 00:00:00
2012;6;10;6;7643.0;True;2012-06-10 00:00:00
2012;6;11;0;23964.0;True;2012-06-11 00:00:00
2012;6;12;1;23911.0;True;2012-06-12 00:00:00
2012;6;13;2;24170.0;True;2012-06-13 00:00:00
2012;6;14;3;23434.0;True;2012-06-14 00:00:00
2012;6;15;4;24556.0;True;2012-06-15 00:00:00
2012;6;16;5;16319.5;True;2012-06-16 00:00:00
2012;6;17;6;11404.0;True;2012-06-17 00:00:00
2012;6;18;0;37097.0;True;2012-06-18 00:00:00
2012;6;19;1;39055.0;True;2012-06-19 00:00:00
2012;6;20;2;39143.0;True;2012-06-20 00:00:00
2012;6;21;3;37886.0;True;2012-06-21 00:00:00
2012;6;22;4;36528.0;True;2012-06-22 00:00:00
2012;6;23;5;24978.0;True;2012-06-23 00:00:00
2012;6;24;6;20986.0;True;2012-06-24 00:00:00
2012;6;25;0;49693.0;True;2012-06-25 00:00:00
2012;6;26;1;53894.0;True;2012-06-26 00:00:00
2012;6;27;2;53771.0;True;2012-06-27 00:00:00
2012;6;28;3;54117.0;True;2012-06-28 00:00:00
2012;6;29;4;52455.0;True;2012-06-29 00:00:00
2012;6;30;5;15767.0;True;2012-06-30 00:00:00
2012;7;1;6;10555.0;True;2012-07-01 00:00:00
2012;7;2;0;30663.0;True;2012-07-02 00:00:00
2012;7;3;1;31169.0;True;2012-07-03 00:00:00
2012;7;4;2;12492.0;True;2012-07-04 00:00:00
2012;7;5;3;29186.0;True;2012-07-05 00:00:00
2012;7;6;4;29259.0;True;2012-07-06 00:00:00
2012;7;7;5;6748.0;True;2012-07-07 00:00:00
2012;7;8;6;4100.0;True;2012-07-08 00:00:00
2012;7;9;0;15409.0;True;2012-07-09 00:00:00
2012;7;10;1;16305.0;True;2012-07-10 00:00:00
2012;7;11;2;17109.0;True;2012-07-11 00:00:00
2012;7;12;3;16188.0;True;2012-07-12 00:00:00
2012;7;13;4;15683.0;True;2012-07-13 00:00:00
2012;7;14;5;24105.0;True;2012-07-14 00:00:00
2012;7;15;6;15866.0;True;2012-07-15 00:00:00
2012;7;16;0;42723.0;True;2012-07-16 00:00:00
2012;7;17;1;43124.0;True;2012-07-17 00:00:00
2012;7;18;2;42025.0;True;2012-07-18 00:00:00
2012;7;19;3;44454.0;True;2012-07-19 00:00:00
2012;7;20;4;40849.0;True;2012-07-20 00:00:00
2012;7;21;5;15362.5;True;2012-07-21 00:00:00
2012;7;22;6;11832.0;True;2012-07-22 00:00:00
2012;7;23;0;32192.0;True;2012-07-23 00:00:00
2012;7;24;1;34511.0;True;2012-07-24 00:00:00
2012;7;25;2;33568.0;True;2012-07-25 00:00:00
2012;7;26;3;33762.0;True;2012-07-26 00:00:00
2012;7;27;4;32415.0;True;2012-07-27 00:00:00
2012;7;28;5;7874.0;True;2012-07-28 00:00:00
2012;7;29;6;6151.0;True;2012-07-29 00:00:00
2012;7;30;0;19205.0;True;2012-07-30 00:00:00
2012;7;31;1;19777.0;True;2012-07-31 00:00:00
2012;8;1;2;19656.0;True;2012-08-01 00:00:00
2012;8;2;3;16910.0;True;2012-08-02 00:00:00
2012;8;3;4;17619.0;True;2012-08-03 00:00:00
2012;8;4;5;10182.0;True;2012-08-04 00:00:00
2012;8;5;6;7262.0;True;2012-08-05 00:00:00
2012;8;6;0;18491.0;True;2012-08-06 00:00:00
2012;8;7;1;19627.0;True;2012-08-07 00:00:00
2012;8;8;2;19769.0;True;2012-08-08 00:00:00
2012;8;9;3;19420.0;True;2012-08-09 00:00:00
2012;8;10;4;5334.0;True;2012-08-10 00:00:00
2012;8;11;5;6444.0;True;2012-08-11 00:00:00
2012;8;12;6;6400.0;True;2012-08-12 00:00:00
2012;8;13;0;16408.0;True;2012-08-13 00:00:00
2012;8;14;1;17201.0;True;2012-08-14 00:00:00
2012;8;15;2;17259.0;True;2012-08-15 00:00:00
2012;8;16;3;15741.0;True;2012-08-16 00:00:00
2012;8;17;4;16099.0;True;2012-08-17 00:00:00
2012;8;18;5;14308.0;True;2012-08-18 00:00:00
2012;8;19;6;12798.0;True;2012-08-19 00:00:00
2012;8;20;0;32063.0;True;2012-08-20 00:00:00
2012;8;21;1;33492.0;True;2012-08-21 00:00:00
2012;8;22;2;34181.0;True;2012-08-22 00:00:00
2012;8;23;3;34319.0;True;2012-08-23 00:00:00
2012;8;24;4;33194.0;True;2012-08-24 00:00:00
2012;8;25;5;20635.5;True;2012-08-25 00:00:00
2012;8;26;6;16515.0;True;2012-08-26 00:00:00
2012;8;27;0;36913.0;True;2012-08-27 00:00:00
2012;8;28;1;39289.0;True;2012-08-28 00:00:00
2012;8;29;2;39632.0;True;2012-08-29 00:00:00
2012;8;30;3;39706.0;True;2012-08-30 00:00:00
2012;8;31;4;36973.0;True;2012-08-31 00:00:00
2012;9;1;5;18667.5;True;2012-09-01 00:00:00
2012;9;2;6;19381.0;True;2012-09-02 00:00:00
2012;9;3;0;18330.0;True;2012-09-03 00:00:00
2012;9;4;1;52487.0;True;2012-09-04 00:00:00
2012;9;5;2;54547.0;True;2012-09-05 00:00:00
2012;9;6;3;56389.0;True;2012-09-06 00:00:00
2012;9;7;4;57053.0;True;2012-09-07 00:00:00
2012;9;8;5;17980.5;True;2012-09-08 00:00:00
2012;9;9;6;13791.0;True;2012-09-09 00:00:00
2012;9;10;0;46933.0;True;2012-09-10 00:00:00
2012;9;11;1;48227.0;True;2012-09-11 00:00:00
2012;9;12;2;49411.0;True;2012-09-12 00:00:00
2012;9;13;3;48426.0;True;2012-09-13 00:00:00
2012;9;14;4;48745.0;True;2012-09-14 00:00:00
2012;9;15;5;10561.5;True;2012-09-15 00:00:00
2012;9;16;6;6980.0;True;2012-09-16 00:00:00
2012;9;17;0;21043.0;True;2012-09-17 00:00:00
2012;9;18;1;18786.0;True;2012-09-18 00:00:00
2012;9;19;2;21989.0;True;2012-09-19 00:00:00
2012;9;20;3;21888.0;True;2012-09-20 00:00:00
2012;9;21;4;22451.0;True;2012-09-21 00:00:00
2012;9;22;5;17798.0;True;2012-09-22 00:00:00
2012;9;23;6;13381.0;True;2012-09-23 00:00:00
2012;9;24;0;43605.0;True;2012-09-24 00:00:00
2012;9;25;1;44907.0;True;2012-09-25 00:00:00
2012;9;26;2;40178.0;True;2012-09-26 00:00:00
2012;9;27;3;45752.0;True;2012-09-27 00:00:00
2012;9;28;4;44662.0;True;2012-09-28 00:00:00
2012;9;29;5;20588.5;True;2012-09-29 00:00:00
2012;9;30;6;15677.0;True;2012-09-30 00:00:00
2012;10;1;0;43258.0;True;2012-10-01 00:00:00
2012;10;2;1;43225.0;True;2012-10-02 00:00:00
2012;10;3;2;43987.0;True;2012-10-03 00:00:00
2012;10;4;3;44293.0;True;2012-10-04 00:00:00
2012;10;5;4;44353.0;True;2012-10-05 00:00:00
2012;10;6;5;17707.0;True;2012-10-06 00:00:00
2012;10;7;6;11981.0;True;2012-10-07 00:00:00
2012;10;8;0;22764.0;True;2012-10-08 00:00:00
2012;10;9;1;32463.0;True;2012-10-09 00:00:00
2012;10;10;2;34109.0;True;2012-10-10 00:00:00
2012;10;11;3;34980.0;True;2012-10-11 00:00:00
2012;10;12;4;34558.0;True;2012-10-12 00:00:00
2012;10;13;5;15161.0;True;2012-10-13 00:00:00
2012;10;14;6;3784.0;True;2012-10-14 00:00:00
2012;10;15;0;12941.0;True;2012-10-15 00:00:00
2012;10;16;1;14046.0;True;2012-10-16 00:00:00
2012;10;17;2;13759.0;True;2012-10-17 00:00:00
2012;10;18;3;13516.0;True;2012-10-18 00:00:00
2012;10;19;4;12074.0;True;2012-10-19 00:00:00
2012;10;20;5;15030.0;True;2012-10-20 00:00:00
2012;10;21;6;12156.0;True;2012-10-21 00:00:00
2012;10;22;0;39175.0;True;2012-10-22 00:00:00
2012;10;23;1;40108.0;True;2012-10-23 00:00:00
2012;10;24;2;39608.0;True;2012-10-24 00:00:00
2012;10;25;3;39599.0;True;2012-10-25 00:00:00
2012;10;26;4;38954.0;True;2012-10-26 00:00:00
2012;10;27;5;7098.0;True;2012-10-27 00:00:00
2012;10;28;6;2886.0;True;2012-10-28 00:00:00
2012;10;29;0;10.5;True;2012-10-29 00:00:00
2012;10;30;1;23.0;True;2012-10-30 00:00:00
2012;10;31;2;26.5;True;2012-10-31 00:00:00
2012;11;1;3;23.5;True;2012-11-01 00:00:00
2012;11;2;4;23.0;True;2012-11-02 00:00:00
2012;11;3;5;13.0;True;2012-11-03 00:00:00
2012;11;4;6;14.0;True;2012-11-04 00:00:00
2012;11;5;0;14.0;True;2012-11-05 00:00:00
2012;11;6;1;10.0;True;2012-11-06 00:00:00
2012;11;7;2;1471.0;True;2012-11-07 00:00:00
2012;11;8;3;3275.0;True;2012-11-08 00:00:00
2012;11;9;4;4221.0;True;2012-11-09 00:00:00
2012;11;10;5;11295.5;True;2012-11-10 00:00:00
2012;11;11;6;9112.0;True;2012-11-11 00:00:00
2012;11;12;0;20909.0;True;2012-11-12 00:00:00
2012;11;13;1;28428.0;True;2012-11-13 00:00:00
2012;11;14;2;29065.0;True;2012-11-14 00:00:00
2012;11;15;3;28733.0;True;2012-11-15 00:00:00
2012;11;16;4;28077.0;True;2012-11-16 00:00:00
2012;11;17;5;13031.0;True;2012-11-17 00:00:00
2012;11;18;6;8883.0;True;2012-11-18 00:00:00
2012;11;19;0;31223.0;True;2012-11-19 00:00:00
2012;11;20;1;31897.0;True;2012-11-20 00:00:00
2012;11;21;2;28517.0;True;2012-11-21 00:00:00
2012;11;22;3;6212.0;True;2012-11-22 00:00:00
2012;11;23;4;17850.0;True;2012-11-23 00:00:00
2012;11;24;5;4399.5;True;2012-11-24 00:00:00
2012;11;25;6;1963.0;True;2012-11-25 00:00:00
2012;11;26;0;6038.0;True;2012-11-26 00:00:00
2012;11;27;1;5878.0;True;2012-11-27 00:00:00
2012;11;28;2;6596.0;True;2012-11-28 00:00:00
2012;11;29;3;6456.0;True;2012-11-29 00:00:00
2012;11;30;4;7216.0;True;2012-11-30 00:00:00
2012;12;1;5;7734.5;True;2012-12-01 00:00:00
2012;12;2;6;5461.0;True;2012-12-02 00:00:00
2012;12;3;0;17173.0;True;2012-12-03 00:00:00
2012;12;4;1;17443.0;True;2012-12-04 00:00:00
2012;12;5;2;17534.0;True;2012-12-05 00:00:00
2012;12;6;3;16899.0;True;2012-12-06 00:00:00
2012;12;7;4;17253.0;True;2012-12-07 00:00:00
2012;12;8;5;14902.0;True;2012-12-08 00:00:00
2012;12;9;6;10959.0;True;2012-12-09 00:00:00
2012;12;10;0;31275.0;True;2012-12-10 00:00:00
2012;12;11;1;32718.0;True;2012-12-11 00:00:00
2012;12;12;2;32758.0;True;2012-12-12 00:00:00
2012;12;13;3;33791.0;True;2012-12-13 00:00:00
2012;12;14;4;32815.0;True;2012-12-14 00:00:00
2012;12;15;5;13270.0;True;2012-12-15 00:00:00
2012;12;16;6;8598.0;True;2012-12-16 00:00:00
2012;12;17;0;20049.0;True;2012-12-17 00:00:00
2012;12;18;1;20152.0;True;2012-12-18 00:00:00
2012;12;19;2;19937.0;True;2012-12-19 00:00:00
2012;12;20;3;20175.0;True;2012-12-20 00:00:00
2012;12;21;4;18474.0;True;2012-12-21 00:00:00
2012;12;22;5;9912.0;True;2012-12-22 00:00:00
2012;12;23;6;7729.0;True;2012-12-23 00:00:00
2012;12;24;0;5459.0;True;2012-12-24 00:00:00
2012;12;25;1;4289.0;True;2012-12-25 00:00:00
2012;12;26;2;15635.0;True;2012-12-26 00:00:00
2012;12;27;3;18295.0;True;2012-12-27 00:00:00
2012;12;28;4;19910.0;True;2012-12-28 00:00:00
2012;12;29;5;12592.5;True;2012-12-29 00:00:00
2012;12;30;6;11119.0;True;2012-12-30 00:00:00
2012;12;31;0;25164.0;True;2012-12-31 00:00:00
2013;1;1;1;10848.0;True;2013-01-01 00:00:00
2013;1;2;2;34269.0;False;2013-01-02 00:00:00
2013;1;3;3;35891.0;False;2013-01-03 00:00:00
2013;1;4;4;35357.0;False;2013-01-04 00:00:00
2013;1;5;5;13191.0;False;2013-01-05 00:00:00
2013;1;6;6;8968.0;False;2013-01-06 00:00:00
2013;1;7;0;28976.0;False;2013-01-07 00:00:00
2013;1;8;1;30527.0;False;2013-01-08 00:00:00
2013;1;9;2;30059.0;False;2013-01-09 00:00:00
2013;1;10;3;30038.0;False;2013-01-10 00:00:00
2013;1;11;4;29824.0;False;2013-01-11 00:00:00
2013;1;12;5;9341.5;False;2013-01-12 00:00:00
2013;1;13;6;5827.0;False;2013-01-13 00:00:00
2013;1;14;0;22841.0;False;2013-01-14 00:00:00
2013;1;15;1;23608.0;False;2013-01-15 00:00:00
2013;1;16;2;23471.0;False;2013-01-16 00:00:00
2013;1;17;3;24325.0;False;2013-01-17 00:00:00
2013;1;18;4;23851.0;False;2013-01-18 00:00:00
2013;1;19;5;9378.0;False;2013-01-19 00:00:00
2013;1;20;6;6535.0;False;2013-01-20 00:00:00
2013;1;21;0;11387.0;False;2013-01-21 00:00:00
2013;1;22;1;27662.0;False;2013-01-22 00:00:00
2013;1;23;2;27814.0;False;2013-01-23 00:00:00
2013;1;24;3;28012.0;False;2013-01-24 00:00:00
2013;1;25;4;26959.0;False;2013-01-25 00:00:00
2013;1;26;5;9788.0;False;2013-01-26 00:00:00
2013;1;27;6;7045.0;False;2013-01-27 00:00:00
2013;1;28;0;26622.0;False;2013-01-28 00:00:00
2013;1;29;1;29126.0;False;2013-01-29 00:00:00
2013;1;30;2;29788.0;False;2013-01-30 00:00:00
2013;1;31;3;29618.0;False;2013-01-31 00:00:00
2013;2;1;4;30543.0;False;2013-02-01 00:00:00
2013;2;2;5;11185.0;False;2013-02-02 00:00:00
2013;2;3;6;6678.0;False;2013-02-03 00:00:00
2013;2;4;0;27286.0;False;2013-02-04 00:00:00
2013;2;5;1;29595.0;False;2013-02-05 00:00:00
2013;2;6;2;30807.0;False;2013-02-06 00:00:00
2013;2;7;3;30778.0;False;2013-02-07 00:00:00
2013;2;8;4;24286.0;False;2013-02-08 00:00:00
2013;2;9;5;7199.0;False;2013-02-09 00:00:00
2013;2;10;6;6958.0;False;2013-02-10 00:00:00
2013;2;11;0;21156.0;False;2013-02-11 00:00:00
2013;2;12;1;23978.0;False;2013-02-12 00:00:00
2013;2;13;2;24084.0;False;2013-02-13 00:00:00
2013;2;14;3;23898.0;False;2013-02-14 00:00:00
2013;2;15;4;23001.0;False;2013-02-15 00:00:00
2013;2;16;5;7267.0;False;2013-02-16 00:00:00
2013;2;17;6;4802.0;False;2013-02-17 00:00:00
2013;2;18;0;7996.0;False;2013-02-18 00:00:00
2013;2;19;1;21897.0;False;2013-02-19 00:00:00
2013;2;20;2;22869.0;False;2013-02-20 00:00:00
2013;2;21;3;22534.0;False;2013-02-21 00:00:00
2013;2;22;4;21220.0;False;2013-02-22 00:00:00
2013;2;23;5;6092.0;False;2013-02-23 00:00:00
2013;2;24;6;5403.0;False;2013-02-24 00:00:00
2013;2;25;0;17847.0;False;2013-02-25 00:00:00
2013;2;26;1;18370.0;False;2013-02-26 00:00:00
2013;2;27;2;16671.0;False;2013-02-27 00:00:00
2013;2;28;3;19543.0;False;2013-02-28 00:00:00
2013;3;1;4;19269.0;False;2013-03-01 00:00:00
2013;3;2;5;8849.0;False;2013-03-02 00:00:00
2013;3;3;6;5658.0;False;2013-03-03 00:00:00
2013;3;4;0;20766.0;False;2013-03-04 00:00:00
2013;3;5;1;21489.0;False;2013-03-05 00:00:00
2013;3;6;2;21127.0;False;2013-03-06 00:00:00
2013;3;7;3;20773.0;False;2013-03-07 00:00:00
2013;3;8;4;18935.0;False;2013-03-08 00:00:00
2013;3;9;5;9540.5;False;2013-03-09 00:00:00
2013;3;10;6;7118.0;False;2013-03-10 00:00:00
2013;3;11;0;35003.5;False;2013-03-11 00:00:00
2013;3;12;1;33674.0;False;2013-03-12 00:00:00
2013;3;13;2;32492.0;False;2013-03-13 00:00:00
2013;3;14;3;34932.0;False;2013-03-14 00:00:00
2013;3;15;4;33613.0;False;2013-03-15 00:00:00
2013;3;16;5;16276.5;False;2013-03-16 00:00:00
2013;3;17;6;14216.0;False;2013-03-17 00:00:00
2013;3;18;0;44701.0;False;2013-03-18 00:00:00
2013;3;19;1;44549.0;False;2013-03-19 00:00:00
2013;3;20;2;46515.0;False;2013-03-20 00:00:00
2013;3;21;3;47096.0;False;2013-03-21 00:00:00
2013;3;22;4;45641.0;False;2013-03-22 00:00:00
2013;3;23;5;17421.5;False;2013-03-23 00:00:00
2013;3;24;6;12234.0;False;2013-03-24 00:00:00
2013;3;25;0;39945.0;False;2013-03-25 00:00:00
2013;3;26;1;41899.0;False;2013-03-26 00:00:00
2013;3;27;2;42987.0;False;2013-03-27 00:00:00
2013;3;28;3;43233.0;False;2013-03-28 00:00:00
2013;3;29;4;33233.0;False;2013-03-29 00:00:00
2013;3;30;5;18045.0;False;2013-03-30 00:00:00
2013;3;31;6;11250.0;False;2013-03-31 00:00:00
2013;4;1;0;43622.0;False;2013-04-01 00:00:00
2013;4;2;1;45361.0;False;2013-04-02 00:00:00
2013;4;3;2;47995.0;False;2013-04-03 00:00:00
2013;4;4;3;48494.0;False;2013-04-04 00:00:00
2013;4;5;4;46910.0;False;2013-04-05 00:00:00
2013;4;6;5;17868.0;False;2013-04-06 00:00:00
2013;4;7;6;12297.0;False;2013-04-07 00:00:00
2013;4;8;0;42745.0;False;2013-04-08 00:00:00
2013;4;9;1;44164.0;False;2013-04-09 00:00:00
2013;4;10;2;44135.0;False;2013-04-10 00:00:00
2013;4;11;3;43732.0;False;2013-04-11 00:00:00
2013;4;12;4;41881.0;False;2013-04-12 00:00:00
2013;4;13;5;16630.5;False;2013-04-13 00:00:00
2013;4;14;6;12060.0;False;2013-04-14 00:00:00
2013;4;15;0;37284.0;False;2013-04-15 00:00:00
2013;4;16;1;38177.0;False;2013-04-16 00:00:00
2013;4;17;2;38894.0;False;2013-04-17 00:00:00
2013;4;18;3;38656.0;False;2013-04-18 00:00:00
2013;4;19;4;37825.0;False;2013-04-19 00:00:00
2013;4;20;5;17502.0;False;2013-04-20 00:00:00
2013;4;21;6;12595.0;False;2013-04-21 00:00:00
2013;4;22;0;40874.0;False;2013-04-22 00:00:00
2013;4;23;1;41512.0;False;2013-04-23 00:00:00
2013;4;24;2;41960.0;False;2013-04-24 00:00:00
2013;4;25;3;42710.0;False;2013-04-25 00:00:00
2013;4;26;4;41774.0;False;2013-04-26 00:00:00
2013;4;27;5;16764.0;False;2013-04-27 00:00:00
2013;4;28;6;12840.0;False;2013-04-28 00:00:00
2013;4;29;0;40285.0;False;2013-04-29 00:00:00
2013;4;30;1;41725.0;False;2013-04-30 00:00:00
2013;5;1;2;43916.0;False;2013-05-01 00:00:00
2013;5;2;3;42301.0;False;2013-05-02 00:00:00
2013;5;3;4;40486.0;False;2013-05-03 00:00:00
2013;5;4;5;14836.0;False;2013-05-04 00:00:00
2013;5;5;6;10130.0;False;2013-05-05 00:00:00
2013;5;6;0;36126.0;False;2013-05-06 00:00:00
2013;5;7;1;38074.0;False;2013-05-07 00:00:00
2013;5;8;2;37150.0;False;2013-05-08 00:00:00
2013;5;9;3;37784.0;False;2013-05-09 00:00:00
2013;5;10;4;38280.0;False;2013-05-10 00:00:00
2013;5;11;5;13476.0;False;2013-05-11 00:00:00
2013;5;12;6;8874.0;False;2013-05-12 00:00:00
2013;5;13;0;24324.0;False;2013-05-13 00:00:00
2013;5;14;1;28295.0;False;2013-05-14 00:00:00
2013;5;15;2;28105.0;False;2013-05-15 00:00:00
2013;5;16;3;28935.0;False;2013-05-16 00:00:00
2013;5;17;4;29297.0;False;2013-05-17 00:00:00
2013;5;18;5;16096.0;False;2013-05-18 00:00:00
2013;5;19;6;11575.0;False;2013-05-19 00:00:00
2013;5;20;0;38348.0;False;2013-05-20 00:00:00
2013;5;21;1;40287.0;False;2013-05-21 00:00:00
2013;5;22;2;40660.0;False;2013-05-22 00:00:00
2013;5;23;3;39424.0;False;2013-05-23 00:00:00
2013;5;24;4;35992.0;False;2013-05-24 00:00:00
2013;5;25;5;15368.5;False;2013-05-25 00:00:00
2013;5;26;6;15511.0;False;2013-05-26 00:00:00
2013;5;27;0;14855.0;False;2013-05-27 00:00:00
2013;5;28;1;43281.0;False;2013-05-28 00:00:00
2013;5;29;2;45674.0;False;2013-05-29 00:00:00
2013;5;30;3;47202.0;False;2013-05-30 00:00:00
2013;5;31;4;44820.0;False;2013-05-31 00:00:00
2013;6;1;5;20242.0;False;2013-06-01 00:00:00
2013;6;2;6;13638.0;False;2013-06-02 00:00:00
2013;6;3;0;46715.0;False;2013-06-03 00:00:00
2013;6;4;1;49574.0;False;2013-06-04 00:00:00
2013;6;5;2;50506.0;False;2013-06-05 00:00:00
2013;6;6;3;50676.0;False;2013-06-06 00:00:00
2013;6;7;4;45208.0;False;2013-06-07 00:00:00
2013;6;8;5;13671.5;False;2013-06-08 00:00:00
2013;6;9;6;10121.0;False;2013-06-09 00:00:00
2013;6;10;0;29083.0;False;2013-06-10 00:00:00
2013;6;11;1;30657.0;False;2013-06-11 00:00:00
2013;6;12;2;31668.0;False;2013-06-12 00:00:00
2013;6;13;3;29835.0;False;2013-06-13 00:00:00
2013;6;14;4;29701.0;False;2013-06-14 00:00:00
2013;6;15;5;19768.0;False;2013-06-15 00:00:00
2013;6;16;6;14619.0;False;2013-06-16 00:00:00
2013;6;17;0;43488.0;False;2013-06-17 00:00:00
2013;6;18;1;45049.0;False;2013-06-18 00:00:00
2013;6;19;2;45313.0;False;2013-06-19 00:00:00
2013;6;20;3;46294.0;False;2013-06-20 00:00:00
2013;6;21;4;43512.0;False;2013-06-21 00:00:00
2013;6;22;5;23137.5;False;2013-06-22 00:00:00
2013;6;23;6;17651.0;False;2013-06-23 00:00:00
2013;6;24;0;49689.0;False;2013-06-24 00:00:00
2013;6;25;1;50889.0;False;2013-06-25 00:00:00
2013;6;26;2;52215.0;False;2013-06-26 00:00:00
2013;6;27;3;51633.0;False;2013-06-27 00:00:00
2013;6;28;4;50315.0;False;2013-06-28 00:00:00
2013;6;29;5;6830.0;False;2013-06-29 00:00:00
2013;6;30;6;1749.0;False;2013-06-30 00:00:00
2013;7;1;0;6814.0;False;2013-07-01 00:00:00
2013;7;2;1;7201.0;False;2013-07-02 00:00:00
2013;7;3;2;7270.0;False;2013-07-03 00:00:00
2013;7;4;3;2659.0;False;2013-07-04 00:00:00
2013;7;5;4;5689.0;False;2013-07-05 00:00:00
2013;7;6;5;8189.5;False;2013-07-06 00:00:00
2013;7;7;6;7622.0;False;2013-07-07 00:00:00
2013;7;8;0;23666.0;False;2013-07-08 00:00:00
2013;7;9;1;24838.0;False;2013-07-09 00:00:00
2013;7;10;2;25480.0;False;2013-07-10 00:00:00
2013;7;11;3;13666.0;False;2013-07-11 00:00:00
2013;7;12;4;24788.0;False;2013-07-12 00:00:00
2013;7;13;5;11941.5;False;2013-07-13 00:00:00
2013;7;14;6;9731.0;False;2013-07-14 00:00:00
2013;7;15;0;41029.5;False;2013-07-15 00:00:00
2013;7;16;1;41241.0;False;2013-07-16 00:00:00
2013;7;17;2;41333.0;False;2013-07-17 00:00:00
2013;7;18;3;40899.0;False;2013-07-18 00:00:00
2013;7;19;4;38342.0;False;2013-07-19 00:00:00
2013;7;20;5;18069.5;False;2013-07-20 00:00:00
2013;7;21;6;14593.0;False;2013-07-21 00:00:00
2013;7;22;0;48549.0;False;2013-07-22 00:00:00
2013;7;23;1;50697.0;False;2013-07-23 00:00:00
2013;7;24;2;52808.0;False;2013-07-24 00:00:00
2013;7;25;3;51790.0;False;2013-07-25 00:00:00
2013;7;26;4;49234.0;False;2013-07-26 00:00:00
2013;7;27;5;19958.5;False;2013-07-27 00:00:00
2013;7;28;6;13800.0;False;2013-07-28 00:00:00
2013;7;29;0;45741.0;False;2013-07-29 00:00:00
2013;7;30;1;47897.0;False;2013-07-30 00:00:00
2013;7;31;2;48238.0;False;2013-07-31 00:00:00
2013;8;1;3;46208.0;False;2013-08-01 00:00:00
2013;8;2;4;45704.0;False;2013-08-02 00:00:00
2013;8;3;5;17764.0;False;2013-08-03 00:00:00
2013;8;4;6;13634.0;False;2013-08-04 00:00:00
2013;8;5;0;40268.0;False;2013-08-05 00:00:00
2013;8;6;1;42085.0;False;2013-08-06 00:00:00
2013;8;7;2;41686.0;False;2013-08-07 00:00:00
2013;8;8;3;41672.0;False;2013-08-08 00:00:00
2013;8;9;4;38683.0;False;2013-08-09 00:00:00
2013;8;10;5;16309.5;False;2013-08-10 00:00:00
2013;8;11;6;12068.0;False;2013-08-11 00:00:00
2013;8;12;0;30016.0;False;2013-08-12 00:00:00
2013;8;13;1;30218.0;False;2013-08-13 00:00:00
2013;8;14;2;32267.0;False;2013-08-14 00:00:00
2013;8;15;3;31546.0;False;2013-08-15 00:00:00
2013;8;16;4;29906.0;False;2013-08-16 00:00:00
2013;8;17;5;22801.0;False;2013-08-17 00:00:00
2013;8;18;6;15936.0;False;2013-08-18 00:00:00
2013;8;19;0;42242.0;False;2013-08-19 00:00:00
2013;8;20;1;45005.0;False;2013-08-20 00:00:00
2013;8;21;2;45492.0;False;2013-08-21 00:00:00
2013;8;22;3;44363.0;False;2013-08-22 00:00:00
2013;8;23;4;42231.0;False;2013-08-23 00:00:00
2013;8;24;5;20081.0;False;2013-08-24 00:00:00
2013;8;25;6;14729.0;False;2013-08-25 00:00:00
2013;8;26;0;33990.0;False;2013-08-26 00:00:00
2013;8;27;1;35110.0;False;2013-08-27 00:00:00
2013;8;28;2;35273.0;False;2013-08-28 00:00:00
2013;8;29;3;31626.0;False;2013-08-29 00:00:00
2013;8;30;4;32278.0;False;2013-08-30 00:00:00
2013;8;31;5;15284.0;False;2013-08-31 00:00:00
2013;9;1;6;12194.0;False;2013-09-01 00:00:00
2013;9;2;0;11552.0;False;2013-09-02 00:00:00
2013;9;3;1;35850.0;False;2013-09-03 00:00:00
2013;9;4;2;37423.0;False;2013-09-04 00:00:00
2013;9;5;3;35796.0;False;2013-09-05 00:00:00
2013;9;6;4;35851.0;False;2013-09-06 00:00:00
2013;9;7;5;22461.5;False;2013-09-07 00:00:00
2013;9;8;6;16249.0;False;2013-09-08 00:00:00
2013;9;9;0;48960.0;False;2013-09-09 00:00:00
2013;9;10;1;50540.0;False;2013-09-10 00:00:00
2013;9;11;2;54924.0;False;2013-09-11 00:00:00
2013;9;12;3;51351.0;False;2013-09-12 00:00:00
2013;9;13;4;49453.0;False;2013-09-13 00:00:00
2013;9;14;5;17454.0;False;2013-09-14 00:00:00
2013;9;15;6;11997.0;False;2013-09-15 00:00:00
2013;9;16;0;35397.0;False;2013-09-16 00:00:00
2013;9;17;1;37545.0;False;2013-09-17 00:00:00
2013;9;18;2;38102.0;False;2013-09-18 00:00:00
2013;9;19;3;37754.0;False;2013-09-19 00:00:00
2013;9;20;4;38052.0;False;2013-09-20 00:00:00
2013;9;21;5;19761.5;False;2013-09-21 00:00:00
2013;9;22;6;13333.0;False;2013-09-22 00:00:00
2013;9;23;0;45223.0;False;2013-09-23 00:00:00
2013;9;24;1;45273.0;False;2013-09-24 00:00:00
2013;9;25;2;45407.0;False;2013-09-25 00:00:00
2013;9;26;3;44996.0;False;2013-09-26 00:00:00
2013;9;27;4;44071.0;False;2013-09-27 00:00:00
2013;9;28;5;22193.5;False;2013-09-28 00:00:00
2013;9;29;6;16111.0;False;2013-09-29 00:00:00
2013;9;30;0;46492.0;False;2013-09-30 00:00:00
2013;10;1;1;48034.0;False;2013-10-01 00:00:00
2013;10;2;2;49131.0;False;2013-10-02 00:00:00
2013;10;3;3;49266.0;False;2013-10-03 00:00:00
2013;10;4;4;48429.0;False;2013-10-04 00:00:00
2013;10;5;5;17841.5;False;2013-10-05 00:00:00
2013;10;6;6;13376.0;False;2013-10-06 00:00:00
2013;10;7;0;37688.0;False;2013-10-07 00:00:00
2013;10;8;1;39018.0;False;2013-10-08 00:00:00
2013;10;9;2;39663.0;False;2013-10-09 00:00:00
2013;10;10;3;39127.0;False;2013-10-10 00:00:00
2013;10;11;4;38113.0;False;2013-10-11 00:00:00
2013;10;12;5;20749.5;False;2013-10-12 00:00:00
2013;10;13;6;15375.0;False;2013-10-13 00:00:00
2013;10;14;0;34785.0;False;2013-10-14 00:00:00
2013;10;15;1;53056.0;False;2013-10-15 00:00:00
2013;10;16;2;53641.0;False;2013-10-16 00:00:00
2013;10;17;3;54168.0;False;2013-10-17 00:00:00
2013;10;18;4;52445.0;False;2013-10-18 00:00:00
2013;10;19;5;21585.5;False;2013-10-19 00:00:00
2013;10;20;6;14764.0;False;2013-10-20 00:00:00
2013;10;21;0;51214.0;False;2013-10-21 00:00:00
2013;10;22;1;52146.0;False;2013-10-22 00:00:00
2013;10;23;2;51945.0;False;2013-10-23 00:00:00
2013;10;24;3;53205.0;False;2013-10-24 00:00:00
2013;10;25;4;50690.0;False;2013-10-25 00:00:00
2013;10;26;5;23850.5;False;2013-10-26 00:00:00
2013;10;27;6;17629.0;False;2013-10-27 00:00:00
2013;10;28;0;53324.0;False;2013-10-28 00:00:00
2013;10;29;1;54033.0;False;2013-10-29 00:00:00
2013;10;30;2;54759.0;False;2013-10-30 00:00:00
2013;10;31;3;54134.0;False;2013-10-31 00:00:00
2013;11;1;4;53275.0;False;2013-11-01 00:00:00
2013;11;2;5;20230.5;False;2013-11-02 00:00:00
2013;11;3;6;15765.0;False;2013-11-03 00:00:00
2013;11;4;0;38360.0;False;2013-11-04 00:00:00
2013;11;5;1;36311.0;False;2013-11-05 00:00:00
2013;11;6;2;40140.0;False;2013-11-06 00:00:00
2013;11;7;3;39120.0;False;2013-11-07 00:00:00
2013;11;8;4;39488.0;False;2013-11-08 00:00:00
2013;11;9;5;16555.5;False;2013-11-09 00:00:00
2013;11;10;6;10292.0;False;2013-11-10 00:00:00
2013;11;11;0;20457.0;False;2013-11-11 00:00:00
2013;11;12;1;25967.0;False;2013-11-12 00:00:00
2013;11;13;2;26480.0;False;2013-11-13 00:00:00
2013;11;14;3;26553.0;False;2013-11-14 00:00:00
2013;11;15;4;27548.0;False;2013-11-15 00:00:00
2013;11;16;5;12139.5;False;2013-11-16 00:00:00
2013;11;17;6;6618.0;False;2013-11-17 00:00:00
2013;11;18;0;23387.0;False;2013-11-18 00:00:00
2013;11;19;1;24733.0;False;2013-11-19 00:00:00
2013;11;20;2;24868.0;False;2013-11-20 00:00:00
2013;11;21;3;25174.0;False;2013-11-21 00:00:00
2013;11;22;4;22370.0;False;2013-11-22 00:00:00
2013;11;23;5;10072.0;False;2013-11-23 00:00:00
2013;11;24;6;6285.0;False;2013-11-24 00:00:00
2013;11;25;0;24537.0;False;2013-11-25 00:00:00
2013;11;26;1;25514.0;False;2013-11-26 00:00:00
2013;11;27;2;20279.0;False;2013-11-27 00:00:00
2013;11;28;3;4570.0;False;2013-11-28 00:00:00
2013;11;29;4;12377.0;False;2013-11-29 00:00:00
2013;11;30;5;11032.5;False;2013-11-30 00:00:00
2013;12;1;6;8248.0;False;2013-12-01 00:00:00
2013;12;2;0;25960.0;False;2013-12-02 00:00:00
2013;12;3;1;27386.0;False;2013-12-03 00:00:00
2013;12;4;2;27417.0;False;2013-12-04 00:00:00
2013;12;5;3;27728.0;False;2013-12-05 00:00:00
2013;12;6;4;27100.0;False;2013-12-06 00:00:00
2013;12;7;5;13211.0;False;2013-12-07 00:00:00
2013;12;8;6;8779.0;False;2013-12-08 00:00:00
2013;12;9;0;21888.0;False;2013-12-09 00:00:00
2013;12;10;1;23289.0;False;2013-12-10 00:00:00
2013;12;11;2;23804.0;False;2013-12-11 00:00:00
2013;12;12;3;24198.0;False;2013-12-12 00:00:00
2013;12;13;4;24136.0;False;2013-12-13 00:00:00
2013;12;14;5;14856.0;False;2013-12-14 00:00:00
2013;12;15;6;10145.0;False;2013-12-15 00:00:00
2013;12;16;0;27097.0;False;2013-12-16 00:00:00
2013;12;17;1;26973.0;False;2013-12-17 00:00:00
2013;12;18;2;28080.0;False;2013-12-18 00:00:00
2013;12;19;3;28257.0;False;2013-12-19 00:00:00
2013;12;20;4;25696.0;False;2013-12-20 00:00:00
2013;12;21;5;18418.0;False;2013-12-21 00:00:00
2013;12;22;6;13986.0;False;2013-12-22 00:00:00
2013;12;23;0;32100.0;False;2013-12-23 00:00:00
2013;12;24;1;25573.0;False;2013-12-24 00:00:00
2013;12;25;2;7122.0;False;2013-12-25 00:00:00
2013;12;26;3;25472.0;False;2013-12-26 00:00:00
2013;12;27;4;29503.0;False;2013-12-27 00:00:00
2013;12;28;5;18425.0;False;2013-12-28 00:00:00
2013;12;29;6;11767.0;False;2013-12-29 00:00:00
2013;12;30;0;30647.0;False;2013-12-30 00:00:00
2013;12;31;1;1492.0;False;2013-12-31 00:00:00
